<?xml version="1.0"?>
<doc>
    <assembly>
        <name>amp.EtoForms</name>
    </assembly>
    <members>
        <member name="T:amp.EtoForms.Dialogs.DialogAddFilesProgress">
            <summary>
            A dialog which adds and updates music files into the database.
            Implements the <see cref="T:Eto.Forms.Dialog`1" />
            </summary>
            <seealso cref="T:Eto.Forms.Dialog`1" />
        </member>
        <member name="M:amp.EtoForms.Dialogs.DialogAddFilesProgress.#ctor(amp.Database.AmpContext,System.String,System.Int64)">
            <summary>
            Initializes a new instance of the <see cref="T:amp.EtoForms.Dialogs.DialogAddFilesProgress"/> class.
            </summary>
            <param name="context">The <see cref="T:Microsoft.EntityFrameworkCore.DbContext"/> for the database to update the added files into.</param>
            <param name="directory">The directory to search for audio files to add into the database.</param>
            <param name="albumId">The album identifier to initially to add the audio tracks to.</param>
        </member>
        <member name="M:amp.EtoForms.Dialogs.DialogAddFilesProgress.#ctor(amp.Database.AmpContext,System.Int64,System.String[])">
            <summary>
            Initializes a new instance of the <see cref="T:amp.EtoForms.Dialogs.DialogAddFilesProgress"/> class.
            </summary>
            <param name="context">The <see cref="T:Microsoft.EntityFrameworkCore.DbContext"/> for the database to update the added files into.</param>
            <param name="albumId">The album identifier to initially to add the audio tracks to.</param>
            <param name="files">The audio files to add into the database.</param>
        </member>
        <member name="M:amp.EtoForms.Dialogs.DialogAddFilesProgress.#ctor(amp.Database.AmpContext,System.Int64)">
            <summary>
            Initializes a new instance of the <see cref="T:amp.EtoForms.Dialogs.DialogAddFilesProgress"/> class.
            </summary>
            <param name="context">The <see cref="T:Microsoft.EntityFrameworkCore.DbContext"/> for the database to update the added files into.</param>
            <param name="albumId">The album identifier to initially to add the audio tracks to.</param>
        </member>
        <member name="M:amp.EtoForms.Dialogs.DialogAddFilesProgress.FilesCallbackFunc(System.Collections.Generic.List{System.IO.FileInfo})">
            <summary>
            A callback method to enqueue files to be inserted or updated into the database.
            </summary>
            <param name="fileInfos">The music files to insert or update.</param>
            <returns><see cref="P:System.Threading.Tasks.Task.CompletedTask"/></returns>
        </member>
        <member name="M:amp.EtoForms.Dialogs.DialogAddFilesProgress.ThreadMethod">
            <summary>
            The thread contents to update the database.
            </summary>
        </member>
        <member name="M:amp.EtoForms.Dialogs.DialogAddFilesProgress.TryRollback">
            <summary>
            Tries the rollback the transaction for the database.
            </summary>
        </member>
        <member name="M:amp.EtoForms.Dialogs.DialogAddFilesProgress.HandleFiles(System.Collections.Generic.List{System.IO.FileInfo})">
            <summary>
            Inserts or updates the music files into the database.
            </summary>
            <param name="fileInfos">The file infos.</param>
        </member>
        <member name="M:amp.EtoForms.Dialogs.DialogAddFilesProgress.ShowModal(Eto.Forms.Control,amp.Database.AmpContext,System.String,System.Int64)">
            <summary>
            Shows the dialog and blocks until the user closes the dialog.
            </summary>
            <param name="owner">The owner control that is showing the form</param>
            <param name="context">The <see cref="T:Microsoft.EntityFrameworkCore.DbContext"/> for the database to update the added files into.</param>
            <param name="directory">The directory to search for audio files to add into the database.</param>
            <param name="albumId">The album identifier to initially to add the audio tracks to.</param>
            <remarks>The <paramref name="owner" /> specifies the control on the window that will be blocked from user input until the dialog is closed.</remarks>
            <returns>The result of the modal dialog</returns>
        </member>
        <member name="M:amp.EtoForms.Dialogs.DialogAddFilesProgress.ShowModal(Eto.Forms.Control,amp.Database.AmpContext,System.Int64,System.String[])">
            <summary>
            Shows the dialog and blocks until the user closes the dialog.
            </summary>
            <param name="owner">The owner control that is showing the form</param>
            <param name="context">The <see cref="T:Microsoft.EntityFrameworkCore.DbContext"/> for the database to update the added files into.</param>
            <param name="albumId">The album identifier to initially to add the audio tracks to.</param>
            <param name="files">The audio files to add into the database.</param>
            <remarks>The <paramref name="owner" /> specifies the control on the window that will be blocked from user input until the dialog is closed.</remarks>
            <returns>The result of the modal dialog</returns>
        </member>
        <member name="T:amp.EtoForms.Dialogs.DialogDatabaseConvertProgress">
            <summary>
            A dialog to perform migration of the old database into the new EF Core format. Only used once.
            Implements the <see cref="T:Eto.Forms.Dialog`1" />
            </summary>
            <seealso cref="T:Eto.Forms.Dialog`1" />
        </member>
        <member name="M:amp.EtoForms.Dialogs.DialogDatabaseConvertProgress.#ctor">
            <summary>
            Initializes a new instance of the <see cref="T:amp.EtoForms.Dialogs.DialogDatabaseConvertProgress"/> class.
            </summary>
        </member>
        <member name="M:amp.EtoForms.Dialogs.DialogDatabaseConvertProgress.ShowModal(Eto.Forms.Control,System.String,System.String)">
            <summary>
            Shows the dialog modally, blocking the current thread until it is closed.
            </summary>
            <param name="owner">The owner control that is showing the form</param>
            <param name="fileNameOld">The old database file name.</param>
            <param name="fileNameNew">The new database file name.</param>
            <remarks>The <paramref name="owner" /> specifies the control on the window that will be blocked from user input until
            the dialog is closed.
            Calling this method is identical to setting the <see cref="P:Eto.Forms.Window.Owner" /> property and calling <see cref="M:Eto.Forms.Dialog.ShowModal" />.</remarks>
        </member>
        <member name="T:amp.EtoForms.Dialogs.DialogModifySavedQueue">
            <summary>
            A dialog to modify a saved queue snapshot.
            Implements the <see cref="T:Eto.Forms.Dialog`1" />
            </summary>
            <seealso cref="T:Eto.Forms.Dialog`1" />
        </member>
        <member name="M:amp.EtoForms.Dialogs.DialogModifySavedQueue.#ctor(amp.Database.AmpContext,System.Int64)">
            <summary>
            Initializes a new instance of the <see cref="T:amp.EtoForms.Dialogs.DialogModifySavedQueue"/> class.
            </summary>
            <param name="context">The amp# database context.</param>
            <param name="queueId">The queue reference identifier.</param>
        </member>
        <member name="T:amp.EtoForms.Enumerations.FormulaType">
            <summary>
            An enumeration describing a part of a track naming formula.
            </summary>
        </member>
        <member name="F:amp.EtoForms.Enumerations.FormulaType.Artist">
            <summary>
            The artist part.
            </summary>
        </member>
        <member name="F:amp.EtoForms.Enumerations.FormulaType.Album">
            <summary>
            The album part.
            </summary>
        </member>
        <member name="F:amp.EtoForms.Enumerations.FormulaType.TrackNo">
            <summary>
            The track number part.
            </summary>
        </member>
        <member name="F:amp.EtoForms.Enumerations.FormulaType.Title">
            <summary>
            The title part.
            </summary>
        </member>
        <member name="F:amp.EtoForms.Enumerations.FormulaType.Renamed">
            <summary>
            The override (renamed) name part.
            </summary>
        </member>
        <member name="F:amp.EtoForms.Enumerations.FormulaType.FileName">
            <summary>
            The file name without path or extension.
            </summary>
        </member>
        <member name="M:amp.EtoForms.ExtensionClasses.AudioTrackFilters.Match(amp.Shared.Interfaces.IAudioTrack,System.String)">
            <summary>
            Checks if the properties of this music file instance matches the given search string.
            </summary>
            <param name="audioTrack">The track to check for match to the specified <paramref name="search"/> text.</param>
            <param name="search">The search string.</param>
            <returns><c>true</c> if one of the properties of this music file instance matches the search string, <c>false</c> otherwise.</returns>
        </member>
        <member name="T:amp.EtoForms.FormMain">
            <summary>
            The application main form.
            Implements the <see cref="T:Eto.Forms.Form" />
            </summary>
            <seealso cref="T:Eto.Forms.Form" />
        </member>
        <member name="M:amp.EtoForms.FormMain.#ctor">
            <summary>
            Initializes a new instance of the <see cref="T:amp.EtoForms.FormMain"/> class.
            </summary>
        </member>
        <member name="M:amp.EtoForms.FormMain.RefreshCurrentAlbum">
            <summary>
            Refreshes the current album.
            </summary>
        </member>
        <member name="P:amp.EtoForms.FormMain.CurrentAlbumId">
            <summary>
            Gets or sets the current album identifier.
            </summary>
            <value>The current album identifier.</value>
        </member>
        <member name="T:amp.EtoForms.Forms.EventArguments.AudioTrackChangedEventArgs">
            <summary>
            Event arguments for an event where the <see cref="P:amp.EtoForms.Forms.EventArguments.AudioTrackChangedEventArgs.AudioTrack"/> instance data has been changed.
            Implements the <see cref="T:System.EventArgs" />
            </summary>
            <seealso cref="T:System.EventArgs" />
        </member>
        <member name="M:amp.EtoForms.Forms.EventArguments.AudioTrackChangedEventArgs.#ctor(amp.EtoForms.Models.AudioTrack)">
            <summary>
            Initializes a new instance of the <see cref="T:amp.EtoForms.Forms.EventArguments.AudioTrackChangedEventArgs"/> class.
            </summary>
            <param name="audioTrack">The audio track data.</param>
        </member>
        <member name="P:amp.EtoForms.Forms.EventArguments.AudioTrackChangedEventArgs.AudioTrack">
            <summary>
            Gets or sets the audio track data with changes.
            </summary>
            <value>The audio track data.</value>
        </member>
        <member name="P:amp.EtoForms.Forms.EventArguments.AudioTrackChangedEventArgs.SaveSuccess">
            <summary>
            Gets or sets a value indicating whether the data updated to entity was saved successfully into the database.
            </summary>
            <value><c>true</c> if database save was successful; otherwise, <c>false</c>.</value>
        </member>
        <member name="T:amp.EtoForms.Forms.FormAlbumImage">
            <summary>
            A form to display the music track image.
            Implements the <see cref="T:Eto.Forms.Form" />
            </summary>
            <seealso cref="T:Eto.Forms.Form" />
        </member>
        <member name="M:amp.EtoForms.Forms.FormAlbumImage.#ctor">
            <summary>
            Initializes a new instance of the <see cref="T:amp.EtoForms.Forms.FormAlbumImage"/> class.
            </summary>
        </member>
        <member name="M:amp.EtoForms.Forms.FormAlbumImage.Reposition(amp.EtoForms.FormMain)">
            <summary>
            Repositions the form related to the main form.
            </summary>
            <param name="main">The main form instance.</param>
        </member>
        <member name="M:amp.EtoForms.Forms.FormAlbumImage.Show``2(amp.EtoForms.FormMain,amp.Shared.Interfaces.IAlbumTrack{``0,``1})">
            <summary>
            Shows the form next to the specified main form.
            </summary>
            <param name="main">The main form.</param>
            <param name="albumTrack">The album track to get the image for.</param>
        </member>
        <member name="P:amp.EtoForms.Forms.FormAlbumImage.AlwaysVisible">
            <summary>
            Gets or sets a value indicating whether the form should be always visible. E.g. even when there is no track image.
            </summary>
            <value><c>true</c> if the form should be always visible; otherwise, <c>false</c>.</value>
        </member>
        <member name="M:amp.EtoForms.Forms.FormAlbumImage.Show(amp.EtoForms.FormMain,amp.Shared.Interfaces.IAudioTrack)">
            <summary>
            Shows the form next to the specified main form.
            </summary>
            <param name="main">The main form.</param>
            <param name="audioTrack">The track to get the image for.</param>
        </member>
        <member name="T:amp.EtoForms.Forms.FormAlbums">
            <summary>
            A form to manage the albums within the the database.
            Implements the <see cref="T:Eto.Forms.Form" />
            </summary>
            <seealso cref="T:Eto.Forms.Form" />
        </member>
        <member name="M:amp.EtoForms.Forms.FormAlbums.#ctor(amp.Database.AmpContext)">
            <summary>
            Initializes a new instance of the <see cref="T:amp.EtoForms.Forms.FormAlbums"/> class.
            </summary>
            <param name="context">The amp# EF Core database context.</param>
        </member>
        <member name="T:amp.EtoForms.Forms.FormDialogTrackInfo">
            <summary>
            A dialog to view and edit audio trackTag data.
            Implements the <see cref="T:Eto.Forms.Dialog" />
            </summary>
            <seealso cref="T:Eto.Forms.Dialog" />
        </member>
        <member name="M:amp.EtoForms.Forms.FormDialogTrackInfo.#ctor(amp.EtoForms.Models.AudioTrack,System.EventHandler{amp.EtoForms.Forms.EventArguments.AudioTrackChangedEventArgs})">
            <summary>
            Initializes a new instance of the <see cref="T:amp.EtoForms.Forms.FormDialogTrackInfo"/> class.
            </summary>
            <param name="audioTrack">The audio trackTag data.</param>
            <param name="audioTrackChanged">The event handler for the <see cref="E:amp.EtoForms.Forms.FormDialogTrackInfo.AudioTrackChanged"/> event.</param>
        </member>
        <member name="E:amp.EtoForms.Forms.FormDialogTrackInfo.AudioTrackChanged">
            <summary>
            Occurs when audio trackTag data has been changed.
            </summary>
        </member>
        <member name="T:amp.EtoForms.Forms.FormSavedQueues">
            <summary>
            A dialog to manage saved queue snapshots.
            Implements the <see cref="T:Eto.Forms.Dialog" />
            </summary>
            <seealso cref="T:Eto.Forms.Dialog" />
        </member>
        <member name="M:amp.EtoForms.Forms.FormSavedQueues.#ctor(amp.Database.AmpContext,System.Func{System.Collections.Generic.Dictionary{System.Int64,System.Int32},System.Int64,System.Boolean,System.Threading.Tasks.Task})">
            <summary>
            Initializes a new instance of the <see cref="T:amp.EtoForms.Forms.FormSavedQueues"/> class.
            </summary>
            <param name="context">The context.</param>
            <param name="loadOrAppendQueueFunc">A function to execute in case a queue is requested to be loaded or appended to the current queue.</param>
        </member>
        <member name="T:amp.EtoForms.Forms.FormSettings">
            <summary>
            A settings dialog for the software.
            Implements the <see cref="T:Eto.Forms.Dialog" />
            </summary>
            <seealso cref="T:Eto.Forms.Dialog" />
        </member>
        <member name="M:amp.EtoForms.Forms.FormSettings.#ctor">
            <summary>
            Initializes a new instance of the <see cref="T:amp.EtoForms.Forms.FormSettings"/> class.
            </summary>
        </member>
        <member name="M:amp.EtoForms.Forms.FormSettings.CreateSettingsTabTrackNaming">
            <summary>
            Creates the settings tab for track naming.
            </summary>
        </member>
        <member name="T:amp.EtoForms.Globals">
            <summary>
            Global data for the amp# application.
            </summary>
        </member>
        <member name="P:amp.EtoForms.Globals.DataFolder">
            <summary>
            Gets the application data folder for the amp# software.
            </summary>
            <value>The application data folder for the amp# software.</value>
        </member>
        <member name="P:amp.EtoForms.Globals.Logger">
            <summary>
            Gets the <see cref="T:Serilog.Core.Logger"/> with not null value unless in debug mode.
            </summary>
        </member>
        <member name="P:amp.EtoForms.Globals.Settings">
            <summary>
            Gets the application settings.
            </summary>
            <value>The application settings.</value>
        </member>
        <member name="M:amp.EtoForms.Globals.LoggerSafeInvoke(System.Action,System.Action{System.Exception})">
            <summary>
            Invokes the action with exception handling and logs the possible exception.
            </summary>
            <param name="action">The action to invoke.</param>
            <param name="errorAction">The action to invoke in case of an error.</param>
            <returns><c>true</c> if the action was invoked without an exception, <c>false</c> otherwise.</returns>
        </member>
        <member name="M:amp.EtoForms.Globals.LoggerSafeInvokeAsync(System.Func{System.Threading.Tasks.Task},System.Func{System.Exception,System.Threading.Tasks.Task})">
            <summary>
            Invokes the func asynchronously with exception handling and logs the possible exception.
            </summary>
            <param name="action">The asynchronous func to invoke.</param>
            <param name="errorAction">The asynchronous func to invoke in case of an error.</param>
            <returns>A Task&lt;System.Boolean&gt; representing the asynchronous operation.</returns>
        </member>
        <member name="M:amp.EtoForms.Globals.LoggerSafeInvoke(System.Func{System.Threading.Tasks.Task},System.Action{System.Exception})">
            <summary>
            Invokes the action with exception handling and logs the possible exception.
            </summary>
            <param name="action">The action to invoke.</param>
            <param name="errorAction">The action to invoke in case of an error.</param>
            <returns><c>true</c> if the action was invoked without an exception, <c>false</c> otherwise.</returns>
        </member>
        <member name="P:amp.EtoForms.Globals.WindowBorderWidth">
            <summary>
            Gets or sets the width of the window border.
            </summary>
            <value>The width of the window border.</value>
        </member>
        <member name="P:amp.EtoForms.Globals.DefaultPadding">
            <summary>
            Gets or sets the default padding.
            </summary>
            <value>The default padding.</value>
        </member>
        <member name="P:amp.EtoForms.Globals.DefaultSpacing">
            <summary>
            Gets the spacing size based on the <see cref="P:amp.EtoForms.Globals.DefaultPadding"/> value.
            </summary>
            <value>The spacing size based on the <see cref="P:amp.EtoForms.Globals.DefaultPadding"/> value.</value>
        </member>
        <member name="P:amp.EtoForms.Globals.ButtonDefaultSize">
            <summary>
            Gets or sets the default size of a button.
            </summary>
            <value>The default size of a button.</value>
        </member>
        <member name="P:amp.EtoForms.Globals.MenuImageDefaultSize">
            <summary>
            Gets or sets the default size of the menu item images.
            </summary>
            <value>The default size of the menu item images.</value>
        </member>
        <member name="M:amp.EtoForms.Globals.SaveSettings">
            <summary>
            Saves the application settings.
            </summary>
        </member>
        <member name="P:amp.EtoForms.Globals.FloatingPointTolerance">
            <summary>
            Gets or sets the floating point comparison tolerance.
            </summary>
            <value>The floating point comparison tolerance.</value>
        </member>
        <member name="P:amp.EtoForms.Globals.FloatingPointSingleTolerance">
            <summary>
            Gets or sets the floating point comparison tolerance for the single-precision floating point values.
            </summary>
            <value>The floating point comparison tolerance.</value>
        </member>
        <member name="P:amp.EtoForms.Globals.AutoMapper">
            <summary>
            Gets the automatic mapper.
            </summary>
            <value>The automatic mapper.</value>
        </member>
        <member name="T:amp.EtoForms.Models.Album">
            <summary>
            A class for album.
            Implements the <see cref="T:amp.Shared.Interfaces.IAlbum" />
            Implements the <see cref="T:System.ComponentModel.INotifyPropertyChanged" />
            </summary>
            <seealso cref="T:amp.Shared.Interfaces.IAlbum" />
            <seealso cref="T:System.ComponentModel.INotifyPropertyChanged" />
        </member>
        <member name="P:amp.EtoForms.Models.Album.Id">
            <inheritdoc cref="P:amp.Shared.Interfaces.IEntityBase`1.Id"/>
        </member>
        <member name="P:amp.EtoForms.Models.Album.ModifiedAtUtc">
            <inheritdoc cref="P:amp.Shared.Interfaces.IEntity.ModifiedAtUtc"/>
        </member>
        <member name="P:amp.EtoForms.Models.Album.CreatedAtUtc">
            <inheritdoc cref="P:amp.Shared.Interfaces.IEntity.CreatedAtUtc"/>
        </member>
        <member name="P:amp.EtoForms.Models.Album.AlbumName">
            <inheritdoc cref="P:amp.Shared.Interfaces.IAlbum.AlbumName"/>
        </member>
        <member name="E:amp.EtoForms.Models.Album.PropertyChanged">
            <summary>
            Occurs when a property value changes.
            </summary>
        </member>
        <member name="M:amp.EtoForms.Models.Album.OnPropertyChanged(System.String)">
            <summary>
            Called when property value changes.
            </summary>
            <param name="propertyName">Name of the property.</param>
        </member>
        <member name="M:amp.EtoForms.Models.Album.ToString">
            <summary>
            Returns a <see cref="T:System.String" /> that represents this instance.
            </summary>
            <returns>A <see cref="T:System.String" /> that represents this instance.</returns>
        </member>
        <member name="T:amp.EtoForms.Models.AlbumTrack">
            <summary>
            A class for album tracks.
            Implements the <see cref="T:amp.Shared.Interfaces.IAlbumTrack`2" />
            Implements the <see cref="T:System.ComponentModel.INotifyPropertyChanged" />
            </summary>
            <seealso cref="T:amp.Shared.Interfaces.IAlbumTrack`2" />
            <seealso cref="T:System.ComponentModel.INotifyPropertyChanged" />
        </member>
        <member name="M:amp.EtoForms.Models.AlbumTrack.UpdateDataModel(amp.Database.DataModel.AlbumTrack)">
            <summary>
            Reflects the possible changed into the specified entity class.
            </summary>
            <param name="albumTrack">The album track entity.</param>
        </member>
        <member name="P:amp.EtoForms.Models.AlbumTrack.Id">
            <inheritdoc cref="P:amp.Shared.Interfaces.IEntityBase`1.Id"/>
        </member>
        <member name="P:amp.EtoForms.Models.AlbumTrack.ModifiedAtUtc">
            <inheritdoc cref="P:amp.Shared.Interfaces.IEntity.ModifiedAtUtc"/>
        </member>
        <member name="P:amp.EtoForms.Models.AlbumTrack.CreatedAtUtc">
            <inheritdoc cref="P:amp.Shared.Interfaces.IEntity.CreatedAtUtc"/>
        </member>
        <member name="P:amp.EtoForms.Models.AlbumTrack.AlbumId">
            <inheritdoc cref="P:amp.Shared.Interfaces.IAlbumTrack`2.AlbumId"/>
        </member>
        <member name="P:amp.EtoForms.Models.AlbumTrack.AudioTrackId">
            <inheritdoc cref="P:amp.Shared.Interfaces.IAlbumTrack`2.AudioTrackId"/>
        </member>
        <member name="P:amp.EtoForms.Models.AlbumTrack.QueueIndex">
            <inheritdoc cref="P:amp.Shared.Interfaces.IAlbumTrack`2.QueueIndex"/>
        </member>
        <member name="P:amp.EtoForms.Models.AlbumTrack.QueueIndexAlternate">
            <inheritdoc cref="P:amp.Shared.Interfaces.IAlbumTrack`2.QueueIndexAlternate"/>
        </member>
        <member name="P:amp.EtoForms.Models.AlbumTrack.AudioTrack">
            <inheritdoc cref="P:amp.Shared.Interfaces.IAlbumTrack`2.AudioTrack"/>
        </member>
        <member name="P:amp.EtoForms.Models.AlbumTrack.Album">
            <inheritdoc cref="P:amp.Shared.Interfaces.IAlbumTrack`2.Album"/>
        </member>
        <member name="P:amp.EtoForms.Models.AlbumTrack.DisplayName">
            <summary>
            Gets the display name for the audio track.
            </summary>
            <value>The display name.</value>
        </member>
        <member name="E:amp.EtoForms.Models.AlbumTrack.PropertyChanged">
            <summary>
            Occurs when a property value changes.
            </summary>
        </member>
        <member name="M:amp.EtoForms.Models.AlbumTrack.OnPropertyChanged(System.String)">
            <summary>
            Called when property value changes.
            </summary>
            <param name="propertyName">Name of the property.</param>
        </member>
        <member name="T:amp.EtoForms.Models.AudioTrack">
            <summary>
            The track entity-independent representation.
            Implements the <see cref="T:amp.Shared.Interfaces.IAudioTrack" />
            Implements the <see cref="T:System.ComponentModel.INotifyPropertyChanged" />
            </summary>
            <seealso cref="T:amp.Shared.Interfaces.IAudioTrack" />
            <seealso cref="T:System.ComponentModel.INotifyPropertyChanged" />
        </member>
        <member name="M:amp.EtoForms.Models.AudioTrack.UpdateDataModel(amp.Database.DataModel.AudioTrack)">
            <summary>
            Reflects the possible changed into the specified entity class.
            </summary>
            <param name="audioTrack">The audio track entity.</param>
        </member>
        <member name="P:amp.EtoForms.Models.AudioTrack.Id">
            <inheritdoc cref="P:amp.Shared.Interfaces.IEntityBase`1.Id"/>
        </member>
        <member name="P:amp.EtoForms.Models.AudioTrack.ModifiedAtUtc">
            <inheritdoc cref="P:amp.Shared.Interfaces.IEntity.ModifiedAtUtc"/>
        </member>
        <member name="P:amp.EtoForms.Models.AudioTrack.CreatedAtUtc">
            <inheritdoc cref="P:amp.Shared.Interfaces.IEntity.CreatedAtUtc"/>
        </member>
        <member name="P:amp.EtoForms.Models.AudioTrack.PlayedByRandomize">
            <inheritdoc cref="P:amp.Shared.Interfaces.IPlayBackStatistics.PlayedByRandomize"/>
        </member>
        <member name="P:amp.EtoForms.Models.AudioTrack.PlayedByUser">
            <inheritdoc cref="P:amp.Shared.Interfaces.IPlayBackStatistics.PlayedByUser"/>
        </member>
        <member name="P:amp.EtoForms.Models.AudioTrack.SkippedEarlyCount">
            <inheritdoc cref="P:amp.Shared.Interfaces.IPlayBackStatistics.SkippedEarlyCount"/>
        </member>
        <member name="P:amp.EtoForms.Models.AudioTrack.FileName">
            <inheritdoc cref="P:amp.Shared.Interfaces.IAudioTrack.FileName"/>
        </member>
        <member name="P:amp.EtoForms.Models.AudioTrack.Artist">
            <inheritdoc cref="P:amp.Shared.Interfaces.IAudioTrack.Artist"/>
        </member>
        <member name="P:amp.EtoForms.Models.AudioTrack.Album">
            <inheritdoc cref="P:amp.Shared.Interfaces.IAudioTrack.Album"/>
        </member>
        <member name="P:amp.EtoForms.Models.AudioTrack.Track">
            <inheritdoc cref="P:amp.Shared.Interfaces.IAudioTrack.Track"/>
        </member>
        <member name="P:amp.EtoForms.Models.AudioTrack.Year">
            <inheritdoc cref="P:amp.Shared.Interfaces.IAudioTrack.Year"/>
        </member>
        <member name="P:amp.EtoForms.Models.AudioTrack.Lyrics">
            <inheritdoc cref="P:amp.Shared.Interfaces.IAudioTrack.Lyrics"/>
        </member>
        <member name="P:amp.EtoForms.Models.AudioTrack.Rating">
            <inheritdoc cref="P:amp.Shared.Interfaces.IAudioTrack.Rating"/>
        </member>
        <member name="P:amp.EtoForms.Models.AudioTrack.FileSizeBytes">
            <inheritdoc cref="P:amp.Shared.Interfaces.IAudioTrack.FileSizeBytes"/>
        </member>
        <member name="P:amp.EtoForms.Models.AudioTrack.PlaybackVolume">
            <inheritdoc cref="P:amp.Shared.Interfaces.IAudioTrack.PlaybackVolume"/>
        </member>
        <member name="P:amp.EtoForms.Models.AudioTrack.OverrideName">
            <inheritdoc cref="P:amp.Shared.Interfaces.IAudioTrack.OverrideName"/>
        </member>
        <member name="P:amp.EtoForms.Models.AudioTrack.TagFindString">
            <inheritdoc cref="P:amp.Shared.Interfaces.IAudioTrack.TagFindString"/>
        </member>
        <member name="P:amp.EtoForms.Models.AudioTrack.TagRead">
            <inheritdoc cref="P:amp.Shared.Interfaces.IAudioTrack.TagRead"/>
        </member>
        <member name="P:amp.EtoForms.Models.AudioTrack.FileNameNoPath">
            <inheritdoc cref="P:amp.Shared.Interfaces.IAudioTrack.FileNameNoPath"/>
        </member>
        <member name="P:amp.EtoForms.Models.AudioTrack.Title">
            <inheritdoc cref="P:amp.Shared.Interfaces.IAudioTrack.Title"/>
        </member>
        <member name="P:amp.EtoForms.Models.AudioTrack.TrackImageData">
            <inheritdoc cref="P:amp.Shared.Interfaces.IAudioTrack.TrackImageData"/>
        </member>
        <member name="P:amp.EtoForms.Models.AudioTrack.MusicFileType">
            <inheritdoc cref="P:amp.Shared.Interfaces.IAudioTrack.MusicFileType"/>
        </member>
        <member name="E:amp.EtoForms.Models.AudioTrack.PropertyChanged">
            <summary>
            Occurs when a property value changes.
            </summary>
        </member>
        <member name="P:amp.EtoForms.Models.AudioTrack.DisplayName">
            <summary>
            Gets or sets the display name for the track.
            </summary>
            <value>The display name of the track.</value>
        </member>
        <member name="M:amp.EtoForms.Models.AudioTrack.OnPropertyChanged(System.String)">
            <summary>
            Called when property value changes.
            </summary>
            <param name="propertyName">Name of the property.</param>
        </member>
        <member name="T:amp.EtoForms.Program">
            <summary>
            The program main entry point.
            </summary>
        </member>
        <member name="M:amp.EtoForms.Program.Main(System.String[])">
            <summary>
            Defines the entry point of the application.
            </summary>
            <param name="args">The arguments.</param>
        </member>
        <member name="T:amp.EtoForms.Properties.Resources">
            <summary>
              A strongly-typed resource class, for looking up localized strings, etc.
            </summary>
        </member>
        <member name="P:amp.EtoForms.Properties.Resources.ResourceManager">
            <summary>
              Returns the cached ResourceManager instance used by this class.
            </summary>
        </member>
        <member name="P:amp.EtoForms.Properties.Resources.Culture">
            <summary>
              Overrides the current thread's CurrentUICulture property for all
              resource lookups using this strongly typed resource class.
            </summary>
        </member>
        <member name="P:amp.EtoForms.Properties.Resources.music_note_svgrepo_com_modified">
            <summary>
              Looks up a localized resource of type System.Byte[].
            </summary>
        </member>
        <member name="P:amp.EtoForms.Properties.Resources.queue_three_dots">
            <summary>
              Looks up a localized resource of type System.Byte[].
            </summary>
        </member>
        <member name="P:amp.EtoForms.Properties.Resources.queue_three_dots_clear">
            <summary>
              Looks up a localized resource of type System.Byte[].
            </summary>
        </member>
        <member name="P:amp.EtoForms.Properties.Resources.repeat_svgrepo_com_modified">
            <summary>
              Looks up a localized resource of type System.Byte[].
            </summary>
        </member>
        <member name="P:amp.EtoForms.Properties.Resources.shuffle_random_svgrepo_com">
            <summary>
              Looks up a localized resource of type System.Byte[].
            </summary>
        </member>
        <member name="P:amp.EtoForms.Properties.Resources.shuffle_random_svgrepo_com_modified">
            <summary>
              Looks up a localized resource of type System.Byte[].
            </summary>
        </member>
        <member name="P:amp.EtoForms.Properties.Resources.stack_queue_three_dots">
            <summary>
              Looks up a localized resource of type System.Byte[].
            </summary>
        </member>
        <member name="T:amp.EtoForms.Settings.PositionAndLayoutSettings">
            <summary>
            Form and column, etc. positioning data.
            Implements the <see cref="T:VPKSoft.ApplicationSettingsJson.ApplicationJsonSettings" />
            </summary>
            <seealso cref="T:VPKSoft.ApplicationSettingsJson.ApplicationJsonSettings" />
        </member>
        <member name="P:amp.EtoForms.Settings.PositionAndLayoutSettings.TrackGridColumnDisplayIndices">
            <summary>
            Gets or sets the track grid column display indices.
            </summary>
            <value>The track grid column display indices.</value>
        </member>
        <member name="T:amp.EtoForms.Settings.Settings">
            <summary>
            Settings for the amp# software.
            Implements the <see cref="T:VPKSoft.ApplicationSettingsJson.ApplicationJsonSettings" />
            Implements the <see cref="T:amp.Playback.Interfaces.IBiasedRandomSettings" />
            </summary>
            <seealso cref="T:VPKSoft.ApplicationSettingsJson.ApplicationJsonSettings" />
            <seealso cref="T:amp.Playback.Interfaces.IBiasedRandomSettings" />
        </member>
        <member name="P:amp.EtoForms.Settings.Settings.MigrateDatabase">
            <summary>
            Gets or sets the value indicating whether the previous database migration should be queried from the user.
            </summary>
        </member>
        <member name="M:amp.EtoForms.Settings.Settings.ApplyFrom(amp.Playback.Interfaces.IBiasedRandomSettings)">
            <inheritdoc cref="M:amp.Playback.Interfaces.IBiasedRandomSettings.ApplyFrom(amp.Playback.Interfaces.IBiasedRandomSettings)"/>
        </member>
        <member name="M:amp.EtoForms.Settings.Settings.ApplyTo(amp.Playback.Interfaces.IBiasedRandomSettings)">
            <inheritdoc cref="M:amp.Playback.Interfaces.IBiasedRandomSettings.ApplyTo(amp.Playback.Interfaces.IBiasedRandomSettings)"/>
        </member>
        <member name="P:amp.EtoForms.Settings.Settings.BiasedRandom">
            <summary>
            Gets or sets a value indicating whether to use biased randomization with randomizing audio tracks.
            </summary>
        </member>
        <member name="P:amp.EtoForms.Settings.Settings.Tolerance">
            <summary>
            Gets or sets the tolerance for biased randomization.
            </summary>
        </member>
        <member name="P:amp.EtoForms.Settings.Settings.BiasedRating">
            <summary>
            Gets or sets the value for randomization with biased rating.
            </summary>        
        </member>
        <member name="P:amp.EtoForms.Settings.Settings.BiasedPlayedCount">
            <summary>
            Gets or sets the value for randomization with biased played count.
            </summary>
        </member>
        <member name="P:amp.EtoForms.Settings.Settings.BiasedRatingEnabled">
            <summary>
            Gets or sets a value indicating whether the biased rating in randomization is enabled.
            </summary>
        </member>
        <member name="P:amp.EtoForms.Settings.Settings.BiasedPlayedCountEnabled">
            <summary>
            Gets or sets a value indicating whether the biased played count in randomization is enabled.
            </summary>
        </member>
        <member name="P:amp.EtoForms.Settings.Settings.BiasedRandomizedCount">
            <summary>
            Gets or sets the value for randomization with biased randomized count.
            </summary>
        </member>
        <member name="P:amp.EtoForms.Settings.Settings.BiasedRandomizedCountEnabled">
            <summary>
            Gets or sets a value indicating whether the biased randomized count in randomization is enabled.
            </summary>
        </member>
        <member name="P:amp.EtoForms.Settings.Settings.BiasedSkippedCount">
            <summary>
            Gets or sets the value for randomization with biased skipped count.
            </summary>
        </member>
        <member name="P:amp.EtoForms.Settings.Settings.BiasedSkippedCountEnabled">
            <summary>
            Gets or sets a value indicating whether the biased skipped count in randomization is enabled.
            </summary>
        </member>
        <member name="P:amp.EtoForms.Settings.Settings.QuietHours">
            <summary>
            A flag indicating whether the quiet hours is enabled in the settings.
            </summary>
        </member>
        <member name="P:amp.EtoForms.Settings.Settings.QuietHoursFrom">
            <summary>
            A value indicating the quiet hour starting time if the <see cref="P:amp.EtoForms.Settings.Settings.QuietHours"/> is enabled.
            </summary>
        </member>
        <member name="P:amp.EtoForms.Settings.Settings.QuietHoursTo">
            <summary>
            A value indicating the quiet hour ending time if the <see cref="P:amp.EtoForms.Settings.Settings.QuietHours"/> is enabled.
            </summary>
        </member>
        <member name="P:amp.EtoForms.Settings.Settings.QuietHoursPause">
            <summary>
            A value indicating whether to pause the playback at a quiet hour in case if the <see cref="P:amp.EtoForms.Settings.Settings.QuietHours"/> is enabled.
            </summary>
        </member>
        <member name="P:amp.EtoForms.Settings.Settings.QuietHoursVolumePercentage">
            <summary>
            A value indicating a volume decrease in percentage if the <see cref="P:amp.EtoForms.Settings.Settings.QuietHours"/> is enabled.
            </summary>
        </member>
        <member name="P:amp.EtoForms.Settings.Settings.MasterVolume">
            <summary>
            Gets or sets the master volume for audio playback.
            </summary>
            <value>The master volume.</value>
        </member>
        <member name="P:amp.EtoForms.Settings.Settings.SelectedAlbum">
            <summary>
            Gets or sets the selected album reference identifier.
            </summary>
            <value>The selected album reference identifier.</value>
        </member>
        <member name="P:amp.EtoForms.Settings.Settings.AutoCheckUpdates">
            <summary>
            Gets or sets a value indicating whether to automatically check for updates upon application startup.
            </summary>
            <value><c>true</c> if to automatically check for updates upon application startup; otherwise, <c>false</c>.</value>
        </member>
        <member name="P:amp.EtoForms.Settings.Settings.Locale">
            <summary>
            Gets or sets the locale.
            </summary>
            <value>The locale.</value>
        </member>
        <member name="P:amp.EtoForms.Settings.Settings.StackQueueRandomPercentage">
            <summary>
            Gets or sets the stack queue random percentage.
            </summary>
            <value>The stack queue random percentage.</value>
        </member>
        <member name="P:amp.EtoForms.Settings.Settings.AutoHideEmptyAlbumImage">
            <summary>
            Gets or sets a value indicating whether to automatically hide the album track image view if no image exists.
            </summary>
            <value><c>true</c> if to automatically hide the album track image view if no image exists; otherwise, <c>false</c>.</value>
        </member>
        <member name="P:amp.EtoForms.Settings.Settings.DisplayPlaylistHeader">
            <summary>
            Gets or sets a value indicating whether display playlist column headers.
            </summary>
            <value><c>true</c> if display playlist column headers; otherwise, <c>false</c>.</value>
        </member>
        <member name="P:amp.EtoForms.Settings.Settings.PlaybackRetryCount">
            <summary>
            Gets or sets the playback retry count.
            </summary>
            <value>The playback retry count.</value>
        </member>
        <member name="P:amp.EtoForms.Settings.Settings.TrackNameFormula">
            <summary>
            Gets or sets the track name formula.
            </summary>
            <value>The track name formula.</value>
        </member>
        <member name="P:amp.EtoForms.Settings.Settings.TrackNameFormulaRenamed">
            <summary>
            Gets or sets the track name formula for a renamed track.
            </summary>
            <value>The track name formula for a renamed track.</value>
        </member>
        <member name="P:amp.EtoForms.Settings.Settings.TrackNamingFallbackToFileNameWhenNoLetters">
            <summary>
            Gets or sets a value indicating whether to fall back to the track file name if the generated title contains no letters.
            </summary>
            <value><c>true</c> if to fall back to the track file name if the generated title contains no letters; otherwise, <c>false</c>.</value>
        </member>
        <member name="P:amp.EtoForms.Settings.Settings.TrackNamingMinimumTitleLength">
            <summary>
            Gets or sets the minimum length of the track naming title before using the file name as fall back.
            </summary>
            <value>The minimum length of the track naming title.</value>
        </member>
        <member name="T:amp.EtoForms.Utilities.Constants">
            <summary>
            A class containing constant data used around this software.
            </summary>
        </member>
        <member name="F:amp.EtoForms.Utilities.Constants.Extensions">
            <summary>
            The extensions of the audio formats used within the software.
            </summary>
        </member>
        <member name="M:amp.EtoForms.Utilities.Constants.FileIsMusicFile(System.String)">
            <summary>
            Gets a value indicating based on the file name whether the file is a music file.
            </summary>
            <param name="fileName">The name of the file check.</param>
            <returns><c>true</c> if the file is a music file, <c>false</c> otherwise.</returns>
        </member>
        <member name="M:amp.EtoForms.Utilities.Constants.FileIsMp3(System.String)">
            <summary>
            Gets a value indicating based on the file name if the file is a MP3 file.
            </summary>
            <param name="fileName">The name of the file check.</param>
            <returns><c>true</c> if the file is a MP3 file, <c>false</c> otherwise.</returns>
        </member>
        <member name="M:amp.EtoForms.Utilities.Constants.FileIsOgg(System.String)">
            <summary>
            Gets a value indicating based on the file name if the file is an OGG file.
            </summary>
            <param name="fileName">The name of the file check.</param>
            <returns><c>true</c> if the file is a OGG file, <c>false</c> otherwise.</returns>
        </member>
        <member name="M:amp.EtoForms.Utilities.Constants.FileIsWav(System.String)">
            <summary>
            Gets a value indicating based on the file name if the file is a WAV file.
            </summary>
            <param name="fileName">The name of the file check.</param>
            <returns><c>true</c> if the file is a WAV file, <c>false</c> otherwise.</returns>
        </member>
        <member name="M:amp.EtoForms.Utilities.Constants.FileIsFlac(System.String)">
            <summary>
            Gets a value indicating based on the file name if the file is a FLAC file.
            </summary>
            <param name="fileName">The name of the file check.</param>
            <returns><c>true</c> if the file is a Flac file, <c>false</c> otherwise.</returns>
        </member>
        <member name="M:amp.EtoForms.Utilities.Constants.FileIsWma(System.String)">
            <summary>
            Gets a value indicating based on the file name if the file is a WMA file.
            </summary>
            <param name="fileName">The name of the file check.</param>
            <returns><c>true</c> if the file is a WMA file, <c>false</c> otherwise.</returns>
        </member>
        <member name="M:amp.EtoForms.Utilities.Constants.FileIsAacOrM4A(System.String)">
            <summary>
            Gets a value indicating based on the file name if the file is an AAC/M4A file.
            </summary>
            <param name="fileName">The name of the file check.</param>
            <returns><c>true</c> if the file is an AAC/M4A file, <c>false</c> otherwise.</returns>
        </member>
        <member name="M:amp.EtoForms.Utilities.Constants.FileIsAif(System.String)">
            <summary>
            Gets a value indicating based on the file name if the file is an AIF file.
            </summary>
            <param name="fileName">The name of the file check.</param>
            <returns><c>true</c> if the file is an AIF file, <c>false</c> otherwise.</returns>
        </member>
        <member name="T:amp.EtoForms.Utilities.TrackDisplayNameGenerate">
            <summary>
            A class to generate display names for audio files.
            </summary>
        </member>
        <member name="P:amp.EtoForms.Utilities.TrackDisplayNameGenerate.Formula">
            <summary>
            Gets or sets the track naming formula.
            </summary>
            <value>The formula.</value>
        </member>
        <member name="F:amp.EtoForms.Utilities.TrackDisplayNameGenerate.FormulaDefault">
            <summary>
            The default value for the <see cref="P:amp.EtoForms.Utilities.TrackDisplayNameGenerate.Formula"/> property.
            </summary>
        </member>
        <member name="P:amp.EtoForms.Utilities.TrackDisplayNameGenerate.FormulaTrackRenamed">
            <summary>
            Gets or sets the renamed track naming formula.
            </summary>
        </member>
        <member name="F:amp.EtoForms.Utilities.TrackDisplayNameGenerate.FormulaTrackRenamedDefault">
            <summary>
            The default value for the <see cref="P:amp.EtoForms.Utilities.TrackDisplayNameGenerate.FormulaTrackRenamed"/> property.
            </summary>
        </member>
        <member name="M:amp.EtoForms.Utilities.TrackDisplayNameGenerate.GetAudioTrackName``2(amp.Shared.Interfaces.IAlbumTrack{``0,``1})">
            <summary>
            Gets the display name for the specified track.
            </summary>
            <param name="albumTrack">The album track.</param>
            <returns>A display name for a <see cref="T:amp.Database.DataModel.AlbumTrack"/> instance.</returns>
        </member>
        <member name="P:amp.EtoForms.Utilities.TrackDisplayNameGenerate.MinimumTrackLength">
            <summary>
            Gets or sets the minimum length of the track display name generated by the <see cref="M:amp.EtoForms.Utilities.TrackDisplayNameGenerate.GetAudioTrackName(amp.Shared.Interfaces.IAudioTrack)"/> method.
            </summary>
            <value>The minimum length of the track display name.</value>
        </member>
        <member name="P:amp.EtoForms.Utilities.TrackDisplayNameGenerate.TrackNamingFallbackToFileNameWhenNoLetters">
            <summary>
            Gets or sets a value indicating whether to fall back to the track file name if the generated title contains no letters.
            </summary>
            <value><c>true</c> if to fall back to the track file name if the generated title contains no letters; otherwise, <c>false</c>.</value>
        </member>
        <member name="M:amp.EtoForms.Utilities.TrackDisplayNameGenerate.GetAudioTrackName(amp.Shared.Interfaces.IAudioTrack)">
            <summary>
            Gets the display name for the specified track.
            </summary>
            <param name="audioTrack">The album track.</param>
            <returns>A display name for a <see cref="T:amp.Database.DataModel.AlbumTrack"/> instance.</returns>
        </member>
        <member name="T:amp.EtoForms.Utilities.WindowsMigrateCheck">
            <summary>
            Migration class from the old amp# format to the new EF Core format.
            </summary>
        </member>
        <member name="M:amp.EtoForms.Utilities.WindowsMigrateCheck.ConvertOldCommandLine(Eto.Forms.Control)">
            <summary>
            Converts the amp# database specified by command line argument into EF Core format.
            </summary>
            <param name="parent">The parent for the dialogs used by the migration process.</param>
        </member>
        <member name="M:amp.EtoForms.Utilities.WindowsMigrateCheck.ConvertOld(Eto.Forms.Control,System.String)">
            <summary>
            Converts the amp# database into EF Core format.
            </summary>
            <param name="parent">The parent for the dialogs used by the migration process.</param>
            <param name="databaseFile">The old database file name.</param>
        </member>
    </members>
</doc>
