<?xml version="1.0"?>
<doc>
    <assembly>
        <name>amp.Playback</name>
    </assembly>
    <members>
        <member name="T:amp.Playback.Classes.AudioTrackResult">
            <summary>
            A result data class for the <see cref="P:amp.Playback.Classes.AudioTrackResult.NextTrackIndex"/> method.
            Implements the <see cref="T:amp.Shared.Interfaces.IPlayBackStatistics" />
            </summary>
            <seealso cref="T:amp.Shared.Interfaces.IPlayBackStatistics" />
        </member>
        <member name="P:amp.Playback.Classes.AudioTrackResult.Empty">
            <summary>
            Gets the empty instance of the <see cref="T:amp.Playback.Classes.AudioTrackResult"/> class.
            </summary>
        </member>
        <member name="P:amp.Playback.Classes.AudioTrackResult.AudioTrackId">
            <summary>
            Gets or sets the audio track identifier indexed by the <see cref="P:amp.Playback.Classes.AudioTrackResult.NextTrackIndex"/>.
            </summary>
            <value>The audio track identifier indexed by the <see cref="P:amp.Playback.Classes.AudioTrackResult.NextTrackIndex"/>.</value>
        </member>
        <member name="P:amp.Playback.Classes.AudioTrackResult.NextTrackIndex">
            <summary>
            Gets or sets the index of the next audio track.
            </summary>
            <value>The index of the next audio track.</value>
        </member>
        <member name="P:amp.Playback.Classes.AudioTrackResult.PlayedByRandomize">
            <inheritdoc cref="P:amp.Shared.Interfaces.IPlayBackStatistics.PlayedByRandomize"/>
        </member>
        <member name="P:amp.Playback.Classes.AudioTrackResult.PlayedByUser">
            <inheritdoc cref="P:amp.Shared.Interfaces.IPlayBackStatistics.PlayedByUser"/>
        </member>
        <member name="P:amp.Playback.Classes.AudioTrackResult.SkippedEarlyCount">
            <inheritdoc cref="P:amp.Shared.Interfaces.IPlayBackStatistics.SkippedEarlyCount"/>
        </member>
        <member name="T:amp.Playback.Converters.AmpPlaybackStateConverter">
            <summary>
            A class to convert between the <see cref="T:ManagedBass.PlaybackState"/> and the <see cref="T:amp.Playback.Enumerations.PlaybackState"/> enumeration values.
            </summary>
        </member>
        <member name="M:amp.Playback.Converters.AmpPlaybackStateConverter.ConvertTo(amp.Playback.Enumerations.PlaybackState)">
            <summary>
            Converts the specified <see cref="T:amp.Playback.Enumerations.PlaybackState"/> to <inheritdoc cref="T:ManagedBass.PlaybackState"/> value.
            </summary>
            <param name="playbackState">State of the playback.</param>
            <returns>The converted value.</returns>
        </member>
        <member name="M:amp.Playback.Converters.AmpPlaybackStateConverter.ConvertFrom(ManagedBass.PlaybackState)">
            <summary>
            Converts the <see cref="T:amp.Playback.Enumerations.PlaybackState"/> from the specified <see cref="T:ManagedBass.PlaybackState"/> value.
            </summary>
            <param name="playbackState">State of the playback.</param>
            <returns>The converted value.</returns>
        </member>
        <member name="T:amp.Playback.Converters.ManagedBassErrorsToStringConverter">
            <summary>
            A class to convert <see cref="T:ManagedBass.Errors"/> values to strings.
            </summary>
        </member>
        <member name="M:amp.Playback.Converters.ManagedBassErrorsToStringConverter.ErrorString(ManagedBass.Errors)">
            <summary>
            Converts a <see cref="T:ManagedBass.Errors"/> value into a string representation.
            </summary>
            <param name="value">The value to convert.</param>
            <returns>A string representation of the <see cref="T:ManagedBass.Errors"/> value.</returns>
        </member>
        <member name="T:amp.Playback.Enumerations.PlaybackState">
            <summary>
            An enumeration for the audio playback state.
            </summary>
        </member>
        <member name="F:amp.Playback.Enumerations.PlaybackState.Stopped">
            <summary>
            The playback is stopped.
            </summary>
        </member>
        <member name="F:amp.Playback.Enumerations.PlaybackState.Paused">
            <summary>
            The playback is paused.
            </summary>
        </member>
        <member name="F:amp.Playback.Enumerations.PlaybackState.Playing">
            <summary>
            The playback is playing.
            </summary>
        </member>
        <member name="T:amp.Playback.EventArguments.PlaybackErrorEventArgs">
            <summary>
            Event arguments for a playback error in <see cref="N:ManagedBass"/> library.
            Implements the <see cref="T:System.EventArgs" />
            </summary>
            <seealso cref="T:System.EventArgs" />
        </member>
        <member name="P:amp.Playback.EventArguments.PlaybackErrorEventArgs.Error">
            <inheritdoc cref="P:amp.Playback.Interfaces.IPlaybackError.Error"/>
        </member>
        <member name="P:amp.Playback.EventArguments.PlaybackErrorEventArgs.AudioTrackId">
            <inheritdoc cref="P:amp.Playback.Interfaces.IPlaybackError.AudioTrackId"/>
        </member>
        <member name="P:amp.Playback.EventArguments.PlaybackErrorEventArgs.PlayAnother">
            <inheritdoc cref="P:amp.Playback.Interfaces.IPlaybackError.PlayAnother"/>
        </member>
        <member name="T:amp.Playback.EventArguments.PlaybackErrorFileNotFoundEventArgs">
            <summary>
            Event arguments for trying to play a non-existing file.
            Implements the <see cref="T:System.EventArgs" />
            </summary>
            <seealso cref="T:System.EventArgs" />
        </member>
        <member name="P:amp.Playback.EventArguments.PlaybackErrorFileNotFoundEventArgs.Error">
            <inheritdoc cref="P:amp.Playback.Interfaces.IPlaybackError.Error"/>
        </member>
        <member name="P:amp.Playback.EventArguments.PlaybackErrorFileNotFoundEventArgs.AudioTrackId">
            <inheritdoc cref="P:amp.Playback.Interfaces.IPlaybackError.AudioTrackId"/>
        </member>
        <member name="P:amp.Playback.EventArguments.PlaybackErrorFileNotFoundEventArgs.PlayAnother">
            <inheritdoc cref="P:amp.Playback.Interfaces.IPlaybackError.PlayAnother"/>
        </member>
        <member name="P:amp.Playback.EventArguments.PlaybackErrorFileNotFoundEventArgs.FileName">
            <summary>
            Gets the name of the file which was not found.
            </summary>
            <value>The name of the file which was not found.</value>
        </member>
        <member name="T:amp.Playback.EventArguments.PlaybackPositionChangedArgs">
            <summary>
            Event arguments for the playback position change.
            Implements the <see cref="T:amp.Playback.EventArguments.PositionEventArgsBase" />
            </summary>
            <seealso cref="T:amp.Playback.EventArguments.PositionEventArgsBase" />
        </member>
        <member name="T:amp.Playback.EventArguments.PlaybackStateChangedArgs">
            <summary>
            Event argument for the playback state change event.
            Implements the <see cref="T:amp.Playback.EventArguments.PositionEventArgsBase" />
            </summary>
            <seealso cref="T:amp.Playback.EventArguments.PositionEventArgsBase" />
        </member>
        <member name="P:amp.Playback.EventArguments.PlaybackStateChangedArgs.PreviousPlaybackState">
            <summary>
            Gets or sets the previous playback state.
            </summary>
            <value>The previous playback state.</value>
        </member>
        <member name="T:amp.Playback.EventArguments.PositionEventArgsBase">
            <summary>
            Event arguments base class for various playback events.
            Implements the <see cref="T:System.EventArgs" />
            </summary>
            <seealso cref="T:System.EventArgs" />
        </member>
        <member name="P:amp.Playback.EventArguments.PositionEventArgsBase.CurrentPosition">
            <summary>
            Gets or sets the current playback position.
            </summary>
            <value>The current playback position.</value>
        </member>
        <member name="P:amp.Playback.EventArguments.PositionEventArgsBase.PlaybackLength">
            <summary>
            Gets or sets the length of the current playback item.
            </summary>
            <value>The length of the current playback item.</value>
        </member>
        <member name="P:amp.Playback.EventArguments.PositionEventArgsBase.PlaybackState">
            <summary>
            Gets or sets the state of the playback.
            </summary>
            <value>The state of the playback.</value>
        </member>
        <member name="P:amp.Playback.EventArguments.PositionEventArgsBase.AudioTrackId">
            <summary>
            Gets or sets the audio track identifier.
            </summary>
            <value>The audio track identifier.</value>
        </member>
        <member name="T:amp.Playback.EventArguments.TrackChangedArgs">
            <summary>
            Event arguments for an audio track change event.
            Implements the <see cref="T:amp.Playback.EventArguments.PlaybackPositionChangedArgs" />
            </summary>
            <seealso cref="T:amp.Playback.EventArguments.PlaybackPositionChangedArgs" />
        </member>
        <member name="T:amp.Playback.EventArguments.TrackSkippedEventArgs">
            <summary>
            Event arguments for indicating an early skipped playback.
            Implements the <see cref="T:System.EventArgs" />
            </summary>
            <seealso cref="T:System.EventArgs" />
        </member>
        <member name="P:amp.Playback.EventArguments.TrackSkippedEventArgs.AudioTrackId">
            <summary>
            Gets or sets the audio track identifier.
            </summary>
            <value>The audio track identifier.</value>
        </member>
        <member name="P:amp.Playback.EventArguments.TrackSkippedEventArgs.SkippedAtPercentage">
            <summary>
            Gets or sets the position percentage the audio track was skipped at.
            </summary>
            <value>The position percentage the audio track was skipped at.</value>
        </member>
        <member name="T:amp.Playback.Globals">
            <summary>
            Global definitions for the library.
            </summary>
        </member>
        <member name="P:amp.Playback.Globals.FloatingPointTolerance">
            <summary>
            Gets or sets the floating point comparison tolerance.
            </summary>
            <value>The floating point comparison tolerance.</value>
        </member>
        <member name="P:amp.Playback.Globals.FloatingPointSingleTolerance">
            <summary>
            Gets or sets the floating point comparison tolerance for the single-precision floating point values.
            </summary>
            <value>The floating point comparison tolerance.</value>
        </member>
        <member name="T:amp.Playback.Interfaces.BiasedRandomSettingsBase">
            <summary>
            A class for biased randomization setting properties.
            Implements the <see cref="T:amp.Playback.Interfaces.IBiasedRandomSettings" />
            </summary>
            <seealso cref="T:amp.Playback.Interfaces.IBiasedRandomSettings" />
        </member>
        <member name="M:amp.Playback.Interfaces.BiasedRandomSettingsBase.ApplyFromTo(amp.Playback.Interfaces.IBiasedRandomSettings,amp.Playback.Interfaces.IBiasedRandomSettings)">
            <summary>
            Applies the properties from specified <see cref="T:amp.Playback.Interfaces.IBiasedRandomSettings"/> instance to another <see cref="T:amp.Playback.Interfaces.IBiasedRandomSettings"/> instance.
            </summary>
            <param name="settingsFrom">The settings from.</param>
            <param name="settingsTo">The settings to.</param>
        </member>
        <member name="M:amp.Playback.Interfaces.BiasedRandomSettingsBase.ApplyFrom(amp.Playback.Interfaces.IBiasedRandomSettings)">
            <inheritdoc cref="M:amp.Playback.Interfaces.IBiasedRandomSettings.ApplyFrom(amp.Playback.Interfaces.IBiasedRandomSettings)"/>
        </member>
        <member name="M:amp.Playback.Interfaces.BiasedRandomSettingsBase.ApplyTo(amp.Playback.Interfaces.IBiasedRandomSettings)">
            <inheritdoc cref="M:amp.Playback.Interfaces.IBiasedRandomSettings.ApplyTo(amp.Playback.Interfaces.IBiasedRandomSettings)"/>
        </member>
        <member name="P:amp.Playback.Interfaces.BiasedRandomSettingsBase.BiasedRandom">
            <inheritdoc cref="P:amp.Playback.Interfaces.IBiasedRandomSettings.BiasedRandom"/>
        </member>
        <member name="P:amp.Playback.Interfaces.BiasedRandomSettingsBase.Tolerance">
            <inheritdoc cref="P:amp.Playback.Interfaces.IBiasedRandomSettings.Tolerance"/>
        </member>
        <member name="P:amp.Playback.Interfaces.BiasedRandomSettingsBase.BiasedRating">
            <inheritdoc cref="P:amp.Playback.Interfaces.IBiasedRandomSettings.BiasedRating"/>
        </member>
        <member name="P:amp.Playback.Interfaces.BiasedRandomSettingsBase.BiasedPlayedCount">
            <inheritdoc cref="P:amp.Playback.Interfaces.IBiasedRandomSettings.BiasedPlayedCount"/>
        </member>
        <member name="P:amp.Playback.Interfaces.BiasedRandomSettingsBase.BiasedRatingEnabled">
            <inheritdoc cref="P:amp.Playback.Interfaces.IBiasedRandomSettings.BiasedRatingEnabled"/>
        </member>
        <member name="P:amp.Playback.Interfaces.BiasedRandomSettingsBase.BiasedPlayedCountEnabled">
            <inheritdoc cref="P:amp.Playback.Interfaces.IBiasedRandomSettings.BiasedPlayedCountEnabled"/>
        </member>
        <member name="P:amp.Playback.Interfaces.BiasedRandomSettingsBase.Random">
            <summary>
            Gets the random number generator.
            </summary>
            <value>The random number generator.</value>
        </member>
        <member name="P:amp.Playback.Interfaces.BiasedRandomSettingsBase.BiasedRandomizedCount">
            <inheritdoc cref="P:amp.Playback.Interfaces.IBiasedRandomSettings.BiasedRandomizedCount"/>
        </member>
        <member name="P:amp.Playback.Interfaces.BiasedRandomSettingsBase.BiasedRandomizedCountEnabled">
            <inheritdoc cref="P:amp.Playback.Interfaces.IBiasedRandomSettings.BiasedRandomizedCountEnabled"/>
        </member>
        <member name="P:amp.Playback.Interfaces.BiasedRandomSettingsBase.BiasedSkippedCount">
            <inheritdoc cref="P:amp.Playback.Interfaces.IBiasedRandomSettings.BiasedSkippedCount"/>
        </member>
        <member name="P:amp.Playback.Interfaces.BiasedRandomSettingsBase.BiasedSkippedCountEnabled">
            <inheritdoc cref="P:amp.Playback.Interfaces.IBiasedRandomSettings.BiasedSkippedCountEnabled"/>
        </member>
        <member name="T:amp.Playback.Interfaces.IBiasedRandomSettings">
            <summary>
            Common properties used by the biased randomization to randomize the playlist.
            </summary>
        </member>
        <member name="M:amp.Playback.Interfaces.IBiasedRandomSettings.ApplyFrom(amp.Playback.Interfaces.IBiasedRandomSettings)">
            <summary>
            Applies the property values from the specified <see cref="T:amp.Playback.Interfaces.IBiasedRandomSettings"/> implementation to this instance.
            </summary>
            <param name="settings">The class implementing the <see cref="T:amp.Playback.Interfaces.IBiasedRandomSettings"/>.</param>
        </member>
        <member name="M:amp.Playback.Interfaces.IBiasedRandomSettings.ApplyTo(amp.Playback.Interfaces.IBiasedRandomSettings)">
            <summary>
            Applies the property values to the specified <see cref="T:amp.Playback.Interfaces.IBiasedRandomSettings"/> implementation from this instance.
            </summary>
            <param name="settings">The class implementing the <see cref="T:amp.Playback.Interfaces.IBiasedRandomSettings"/>.</param>
        </member>
        <member name="P:amp.Playback.Interfaces.IBiasedRandomSettings.BiasedRandom">
            <summary>
            Gets or sets a value indicating whether to use biased randomization with randomizing audio tracks.
            </summary>
        </member>
        <member name="P:amp.Playback.Interfaces.IBiasedRandomSettings.Tolerance">
            <summary>
            Gets or sets the tolerance for biased randomization.
            </summary>
        </member>
        <member name="P:amp.Playback.Interfaces.IBiasedRandomSettings.BiasedRating">
            <summary>
            Gets or sets the value for randomization with biased rating.
            </summary>        
        </member>
        <member name="P:amp.Playback.Interfaces.IBiasedRandomSettings.BiasedPlayedCount">
            <summary>
            Gets or sets the value for randomization with biased played count.
            </summary>
        </member>
        <member name="P:amp.Playback.Interfaces.IBiasedRandomSettings.BiasedRatingEnabled">
            <summary>
            Gets or sets a value indicating whether the biased rating in randomization is enabled.
            </summary>
        </member>
        <member name="P:amp.Playback.Interfaces.IBiasedRandomSettings.BiasedPlayedCountEnabled">
            <summary>
            Gets or sets a value indicating whether the biased played count in randomization is enabled.
            </summary>
        </member>
        <member name="P:amp.Playback.Interfaces.IBiasedRandomSettings.BiasedRandomizedCount">
            <summary>
            Gets or sets the value for randomization with biased randomized count.
            </summary>
        </member>
        <member name="P:amp.Playback.Interfaces.IBiasedRandomSettings.BiasedRandomizedCountEnabled">
            <summary>
            Gets or sets a value indicating whether the biased randomized count in randomization is enabled.
            </summary>
        </member>
        <member name="P:amp.Playback.Interfaces.IBiasedRandomSettings.BiasedSkippedCount">
            <summary>
            Gets or sets the value for randomization with biased skipped count.
            </summary>
        </member>
        <member name="P:amp.Playback.Interfaces.IBiasedRandomSettings.BiasedSkippedCountEnabled">
            <summary>
            Gets or sets a value indicating whether the biased skipped count in randomization is enabled.
            </summary>
        </member>
        <member name="T:amp.Playback.Interfaces.IPlaybackError">
            <summary>
            An interface for a playback error reporting via an event.
            </summary>
        </member>
        <member name="P:amp.Playback.Interfaces.IPlaybackError.Error">
            <summary>
            Gets the <see cref="N:ManagedBass"/> playback error.
            </summary>
            <value>The <see cref="N:ManagedBass"/> playback error.</value>
        </member>
        <member name="P:amp.Playback.Interfaces.IPlaybackError.AudioTrackId">
            <summary>
            Gets or sets the audio track identifier.
            </summary>
            <value>The audio track identifier.</value>
        </member>
        <member name="P:amp.Playback.Interfaces.IPlaybackError.PlayAnother">
            <summary>
            Gets or sets a value indicating whether to try to play another audio track.
            </summary>
            <value><c>true</c> if to try to play another audio track; otherwise, <c>false</c>.</value>
        </member>
        <member name="T:amp.Playback.PlaybackManager`3">
            <summary>
            A playback manager for the amp# software.
            </summary>
            <typeparam name="TAudioTrack">The type of the <see cref="T:amp.Shared.Interfaces.IAlbumTrack`2"/> <see cref="P:amp.Shared.Interfaces.IAlbumTrack`2.AudioTrack"/> member.</typeparam>
            <typeparam name="TAlbumTrack">The type of the <see cref="T:amp.Shared.Interfaces.IAlbumTrack`2"/>.</typeparam>
            <typeparam name="TAlbum">The type of the <see cref="T:amp.Shared.Interfaces.IAlbumTrack`2"/> <see cref="P:amp.Shared.Interfaces.IAlbumTrack`2.Album"/> member.</typeparam>
        </member>
        <member name="M:amp.Playback.PlaybackManager`3.#ctor(Serilog.ILogger,System.Func{System.Threading.Tasks.Task{`1}},System.Func{System.Int64,System.Threading.Tasks.Task{`1}},System.Action,System.Int32)">
            <summary>
            Initializes a new instance of the <see cref="T:amp.Playback.PlaybackManager`3"/> class.
            </summary>
            <param name="logger">The logger to log exceptions, etc.</param>
            <param name="getNextTrackFunc">A Task&lt;<see cref="T:System.Func`1"/>&gt;, which is executed when requesting a next track for playback.</param>
            <param name="getTrackById">A Task&lt;<see cref="T:System.Func`2"/>&gt;, which is executed when requesting track data by its reference identifier for playback.</param>
            <param name="doEventsCallback">An action which is executed to continue the application message pumping when the playback thread is being disposed of (joined).</param>
            <param name="retryBeforeStopCount">A value indicating how many times to try to play another track on error before stopping the playback entirely.</param>
            <remarks>The contents of the <paramref name="getNextTrackFunc"/> must be thread safe as it gets called from another thread.</remarks>
            <remarks>The contents of the <paramref name="getTrackById"/> must be thread safe as it gets called from another thread.</remarks>
        </member>
        <member name="M:amp.Playback.PlaybackManager`3.PlayAudioTrack(amp.Shared.Interfaces.IAlbumTrack{`0,`2},System.Boolean,System.Boolean)">
            <summary>
            Plays the specified track.
            </summary>
            <param name="track">The track.</param>
            <param name="skipStateChange">A value indicating whether to ignore the playback state change caused by this call.</param>
            <param name="fromHistory">A value indicating whether the track requested to be played was gotten from the history so it doesn't get recorded again.</param>
        </member>
        <member name="M:amp.Playback.PlaybackManager`3.PreviousTrack">
            <summary>
            Plays the previous track if one is available.
            </summary>
            <returns><c>true</c> if the previous track playback was started successfully, <c>false</c> otherwise.</returns>
        </member>
        <member name="M:amp.Playback.PlaybackManager`3.CheckManagerRunning">
            <summary>
            Checks if the manager is running and throws an <see cref="T:System.InvalidOperationException"/> if not.
            </summary>
            <exception cref="T:System.InvalidOperationException"></exception>.
        </member>
        <member name="E:amp.Playback.PlaybackManager`3.PlaybackPositionChanged">
            <summary>
            Occurs when the playback position changed.
            </summary>
            <remarks>The event subscription code must be thread-safe as it gets invoked from another thread.</remarks>
        </member>
        <member name="E:amp.Playback.PlaybackManager`3.TrackChanged">
            <summary>
            Occurs when the track changed.
            </summary>
            <remarks>The event subscription code must be thread-safe as it gets invoked from another thread.</remarks>
        </member>
        <member name="E:amp.Playback.PlaybackManager`3.PlaybackStateChanged">
            <summary>
            Occurs when the playback state changed.
            </summary>
            <remarks>The event subscription code must be thread-safe as it gets invoked from another thread.</remarks>
        </member>
        <member name="E:amp.Playback.PlaybackManager`3.TrackSkipped">
            <summary>
            Occurs when track playback is skipped early.
            </summary>
        </member>
        <member name="E:amp.Playback.PlaybackManager`3.PlaybackError">
            <summary>
            Occurs when <see cref="N:ManagedBass"/> fails to play a track.
            </summary>
        </member>
        <member name="E:amp.Playback.PlaybackManager`3.PlaybackErrorFileNotFound">
            <summary>
            Occurs when the file name of the track to be played was not found.
            </summary>
        </member>
        <member name="P:amp.Playback.PlaybackManager`3.RetryBeforeStopCount">
            <summary>
            Gets or sets the count to retry failed playback before stop trying.
            </summary>
            <value>The count to retry failed playback before stop trying.</value>
        </member>
        <member name="M:amp.Playback.PlaybackManager`3.ResetPlaybackHistory">
            <summary>
            Resets the playback history.
            </summary>
        </member>
        <member name="M:amp.Playback.PlaybackManager`3.PlayNextTrack(System.Boolean)">
            <summary>
            Plays the next track.
            </summary>
            <param name="skipStateChange">A value indicating whether to ignore the playback state change caused by this call.</param>
        </member>
        <member name="P:amp.Playback.PlaybackManager`3.MasterVolume">
            <summary>
            Gets or sets the master volume for this <see cref="T:amp.Playback.PlaybackManager`3"/>.
            </summary>
            <value>The master volume.</value>
        </member>
        <member name="P:amp.Playback.PlaybackManager`3.CanGoPrevious">
            <summary>
            Gets a value indicating jumping to previous track is possible.
            </summary>
            <value><c>true</c> if jumping to previous track is possible; otherwise, <c>false</c>.</value>
        </member>
        <member name="P:amp.Playback.PlaybackManager`3.LastError">
            <summary>
            Gets or sets the last <see cref="N:ManagedBass"/> library error.
            </summary>
            <value>The last error <see cref="N:ManagedBass"/> library error.</value>
        </member>
        <member name="P:amp.Playback.PlaybackManager`3.PlaybackVolume">
            <summary>
            Gets or sets the playback volume. <c>0</c> is mute, <c>1</c> if full.
            </summary>
            <value>The playback volume.</value>
        </member>
        <member name="P:amp.Playback.PlaybackManager`3.SkippedEarlyPercentage">
            <summary>
            Gets or sets the skipped early percentage.
            E.g. the track is considered to be skipped if playback is changed below specified position percentage.
            </summary>
            <value>The skipped early percentage.</value>
        </member>
        <member name="P:amp.Playback.PlaybackManager`3.Shuffle">
            <summary>
            Gets or sets a value indicating whether shuffle mode is enabled for this <see cref="T:amp.Playback.PlaybackManager`3"/>.
            </summary>
            <value><c>true</c> if shuffle mode is enabled; otherwise, <c>false</c>.</value>
        </member>
        <member name="M:amp.Playback.PlaybackManager`3.PlayOrResume">
            <summary>
            Resumes the playback if paused, otherwise plays the next track.
            </summary>
        </member>
        <member name="M:amp.Playback.PlaybackManager`3.Pause">
            <summary>
            Pauses the playback.
            </summary>
        </member>
        <member name="P:amp.Playback.PlaybackManager`3.PreviousTrackId">
            <summary>
            Gets or sets the previous track identifier (Thread safe).
            </summary>
            <value>The previous track identifier (Thread safe).</value>
        </member>
        <member name="P:amp.Playback.PlaybackManager`3.PreviousPosition">
            <summary>
            Gets or sets the previous playback position (Thread safe).
            </summary>
            <value>The previous playback position (Thread safe).</value>
        </member>
        <member name="P:amp.Playback.PlaybackManager`3.PreviousDuration">
            <summary>
            Gets or sets the duration of the previous played track (Thread safe).
            </summary>
            <value>The duration of the previous played track (Thread safe).</value>
        </member>
        <member name="P:amp.Playback.PlaybackManager`3.PlaybackPositionPercentage">
            <summary>
            Gets or sets the playback position in percentage.
            </summary>
            <value>The playback position in percentage.</value>
        </member>
        <member name="P:amp.Playback.PlaybackManager`3.PlaybackPosition">
            <summary>
            Gets or sets the playback position in seconds.
            </summary>
            <value>The playback position.</value>
        </member>
        <member name="P:amp.Playback.PlaybackManager`3.PlaybackLength">
            <summary>
            Gets the length of the playback in seconds.
            </summary>
            <value>The length of the playback.</value>
        </member>
        <member name="P:amp.Playback.PlaybackManager`3.PlaybackState">
            <summary>
            Gets the state of the playback.
            </summary>
            <value>The state of the playback.</value>
        </member>
        <member name="P:amp.Playback.PlaybackManager`3.ManagerStopped">
            <summary>
            Gets or sets a value indicating whether this <see cref="T:amp.Playback.PlaybackManager`3"/> thread is stopped.
            </summary>
            <value><c>true</c> if this <see cref="T:amp.Playback.PlaybackManager`3"/> thread is stopped; otherwise, <c>false</c>.</value>
        </member>
        <member name="P:amp.Playback.PlaybackManager`3.DoEventsCallback">
            <summary>
            An action which is executed to continue the application message pumping when the playback thread is being disposed of (joined).
            </summary>
        </member>
        <member name="M:amp.Playback.PlaybackManager`3.DisposeCurrentChannel">
            <summary>
            Disposes the current playback channel if any.
            </summary>
        </member>
        <member name="M:amp.Playback.PlaybackManager`3.PlaybackThreadMethod">
            <summary>
            The thread method handling the audio playback.
            </summary>
        </member>
        <member name="M:amp.Playback.PlaybackManager`3.FreeBass">
            <summary>
            Releases the resources used by the ManagedBass library.
            </summary>
        </member>
        <member name="M:amp.Playback.PlaybackManager`3.Dispose">
            <summary>
            Performs application-defined tasks associated with freeing, releasing, or resetting unmanaged resources.
            </summary>
        </member>
        <member name="T:amp.Playback.PlaybackOrder`3">
            <summary>
            A class to generate audio tracks from a specified playlist in weighted randomized order.
            Implements the <see cref="T:amp.Playback.Interfaces.BiasedRandomSettingsBase" />
            </summary>
            <typeparam name="TAudioTrack">The type of the <see cref="T:amp.Shared.Interfaces.IAlbumTrack`2"/> <see cref="P:amp.Shared.Interfaces.IAlbumTrack`2.AudioTrack"/> member.</typeparam>
            <typeparam name="TAlbumTrack">The type of the <see cref="T:amp.Shared.Interfaces.IAlbumTrack`2"/>.</typeparam>
            <typeparam name="TAlbum">The type of the <see cref="T:amp.Shared.Interfaces.IAlbumTrack`2"/> <see cref="P:amp.Shared.Interfaces.IAlbumTrack`2.Album"/> member.</typeparam>
            <seealso cref="T:amp.Playback.Interfaces.BiasedRandomSettingsBase" />
        </member>
        <member name="M:amp.Playback.PlaybackOrder`3.#ctor(amp.Playback.Interfaces.IBiasedRandomSettings,System.Int32,System.Func{System.Collections.Generic.Dictionary{System.Int64,System.Int32},System.Boolean,System.Threading.Tasks.Task})">
            <summary>
            Initializes a new instance of the <see cref="T:amp.Playback.PlaybackOrder`3"/> class.
            </summary>
            <param name="settings">The settings for biased randomization.</param>
            <param name="stackQueueRandomPercentage">The stack queue random percentage.</param>
            <param name="updateQueueFunc">A callback function to update the modified queue indices into the database.</param>
        </member>
        <member name="P:amp.Playback.PlaybackOrder`3.Randomizing">
            <summary>
            Gets or sets a value indicating whether audio track index randomization is enabled.
            </summary>
            <value><c>true</c> if index randomization is enabled; otherwise, <c>false</c>.</value>
        </member>
        <member name="P:amp.Playback.PlaybackOrder`3.StackQueueMode">
            <summary>
            Gets or sets a value indicating whether the stack queue mode is enabled.
            </summary>
            <value><c>true</c> if [stack queue]; otherwise, <c>false</c>.</value>
        </member>
        <member name="P:amp.Playback.PlaybackOrder`3.StackQueueRandomPercentage">
            <summary>
            Gets or sets the stack queue random percentage.
            </summary>
            <value>The stack queue random percentage.</value>
        </member>
        <member name="M:amp.Playback.PlaybackOrder`3.NextTrack(System.Collections.ObjectModel.ObservableCollection{`1})">
            <summary>
            Gets the next audio track to play.
            </summary>
            <param name="albumTracks">The album tracks.</param>
            <returns>An instance of the <see cref="T:amp.Playback.Classes.AudioTrackResult"/> class.</returns>
        </member>
        <member name="M:amp.Playback.PlaybackOrder`3.ToggleQueue(System.Collections.ObjectModel.ObservableCollection{`1},System.Boolean,System.Boolean,System.Int64[])">
            <summary>
            Toggles the queue of the album audio tracks specified by the <paramref name="albumTrackIds"/>.
            </summary>
            <param name="albumTracks">The album audio tracks.</param>
            <param name="alternate">A value indicating whether to manipulate the alternate queue.</param>
            <param name="insert">A value indicating whether the insert the tracks on top of the queue.</param>
            <param name="albumTrackIds">The audio tracks identifiers which queue to toggle.</param>
        </member>
        <member name="M:amp.Playback.PlaybackOrder`3.Scramble(System.Collections.Generic.IEnumerable{`1},System.Boolean,System.Int64[])">
            <summary>
            Scrambles the current queue for the specified tracks with specified reference identifiers.
            </summary>
            <param name="tracks">The tracks which queue to scramble.</param>
            <param name="alternate">A value indicating whether to manipulate the alternate queue.</param>
            <param name="albumTrackIds">The audio tracks identifiers which queue to alter.</param>
        </member>
        <member name="M:amp.Playback.PlaybackOrder`3.Scramble(System.Collections.Generic.IEnumerable{`1},System.Boolean)">
            <summary>
            Scrambles the current queue for the specified tracks.
            </summary>
            <param name="tracks">The tracks which queue to scramble.</param>
            <param name="alternate">A value indicating whether to manipulate the alternate queue.</param>
        </member>
        <member name="M:amp.Playback.PlaybackOrder`3.ClearQueue(System.Collections.Generic.IEnumerable{`1},System.Boolean)">
            <summary>
            Clears the queue for the specified tracks.
            </summary>
            <param name="tracks">The tracks which queue index to clear.</param>
            <param name="alternate">A value indicating whether to manipulate the alternate queue.</param>
        </member>
        <member name="M:amp.Playback.PlaybackOrder`3.MoveToQueueTopOrBottom(System.Collections.Generic.IEnumerable{`1},System.Boolean,System.Boolean,System.Int64[])">
            <summary>
            Moves the selected songs to the top or bottom of the queue.
            </summary>
            <param name="tracks">All the tracks.</param>
            <param name="alternate">if set to <c>true</c> change the <see cref="P:amp.Shared.Interfaces.IAlbumTrack`2.QueueIndexAlternate"/> property.</param>
            <param name="top">if set to <c>true</c> move to the top of the list.</param>
            <param name="albumTrackIds">The album track reference identifiers to move.</param>
        </member>
        <member name="M:amp.Playback.PlaybackOrder`3.StackQueue(System.Collections.Generic.IEnumerable{`1},System.Int32)">
            <summary>
            Loops the current queue so that it will not be consumed in the process.
            The previous audio track is put to the bottom of the queue and the end of the queue is re-randomized.
            </summary>
            <param name="albumTracks">The audio tracks which queue to adjust.</param>
            <param name="stackRandomPercentage">The stack random percentage.</param>
            <returns>A list of <typeparamref name="TAlbumTrack"/> instances which queue index was adjusted or <c>null</c> if there is nothing changed.</returns>
        </member>
    </members>
</doc>
