<?xml version="1.0"?>
<doc>
    <assembly>
        <name>amp.Database</name>
    </assembly>
    <members>
        <member name="T:amp.Database.AmpContext">
            <summary>
            An EF Core database context for the amp# software.
            Implements the <see cref="T:Microsoft.EntityFrameworkCore.DbContext" />
            </summary>
            <seealso cref="T:Microsoft.EntityFrameworkCore.DbContext" />
        </member>
        <member name="M:amp.Database.AmpContext.#ctor">
            <summary>
            Initializes a new instance of the <see cref="T:amp.Database.AmpContext"/> class.
            </summary>
            <remarks>See <see href="https://aka.ms/efcore-docs-dbcontext">DbContext lifetime, configuration, and initialization</see>
            for more information.</remarks>
        </member>
        <member name="P:amp.Database.AmpContext.AudioTracks">
            <summary>
            Gets the audio tracks.
            </summary>
            <value>The audio tracks.</value>
        </member>
        <member name="P:amp.Database.AmpContext.Albums">
            <summary>
            Gets the albums.
            </summary>
            <value>The albums.</value>
        </member>
        <member name="P:amp.Database.AmpContext.AlbumTracks">
            <summary>
            Gets the album audio tracks.
            </summary>
            <value>The album audio tracks.</value>
        </member>
        <member name="P:amp.Database.AmpContext.QueueSnapshots">
            <summary>
            Gets the queue snapshots.
            </summary>
            <value>The queue snapshots.</value>
        </member>
        <member name="P:amp.Database.AmpContext.QueueTracks">
            <summary>
            Gets the queued audio tracks.
            </summary>
            <value>The queued audio tracks.</value>
        </member>
        <member name="M:amp.Database.AmpContext.OnConfiguring(Microsoft.EntityFrameworkCore.DbContextOptionsBuilder)">
            <inheritdoc cref="M:Microsoft.EntityFrameworkCore.DbContext.OnConfiguring(Microsoft.EntityFrameworkCore.DbContextOptionsBuilder)"/>
        </member>
        <member name="M:amp.Database.AmpContext.OnModelCreating(Microsoft.EntityFrameworkCore.ModelBuilder)">
            <inheritdoc cref="M:Microsoft.EntityFrameworkCore.DbContext.OnModelCreating(Microsoft.EntityFrameworkCore.ModelBuilder)"/>
        </member>
        <member name="T:amp.Database.DataModel.Album">
            <summary>
            The database table for the album data.
            Implements the <see cref="T:amp.Shared.Interfaces.IAlbum" />
            </summary>
            <seealso cref="T:amp.Shared.Interfaces.IAlbum" />
        </member>
        <member name="P:amp.Database.DataModel.Album.Id">
            <inheritdoc cref="P:amp.Shared.Interfaces.IEntityBase`1.Id"/>
        </member>
        <member name="P:amp.Database.DataModel.Album.AlbumName">
            <inheritdoc cref="P:amp.Shared.Interfaces.IAlbum.AlbumName"/>
        </member>
        <member name="P:amp.Database.DataModel.Album.ModifiedAtUtc">
            <inheritdoc cref="P:amp.Shared.Interfaces.IEntity.ModifiedAtUtc"/>
        </member>
        <member name="P:amp.Database.DataModel.Album.CreatedAtUtc">
            <inheritdoc cref="P:amp.Shared.Interfaces.IEntity.CreatedAtUtc"/>
        </member>
        <member name="P:amp.Database.DataModel.Album.RowVersion">
            <inheritdoc cref="P:amp.Shared.Interfaces.IRowVersionEntity.RowVersion"/>
        </member>
        <member name="T:amp.Database.DataModel.AlbumTrack">
            <summary>
            A link table to album audio tracks.
            Implements the <see cref="T:amp.Shared.Interfaces.IAlbumTrack`2" />
            </summary>
            <seealso cref="T:amp.Shared.Interfaces.IAlbumTrack`2" />
        </member>
        <member name="P:amp.Database.DataModel.AlbumTrack.Id">
            <inheritdoc cref="P:amp.Shared.Interfaces.IEntityBase`1.Id"/>
        </member>
        <member name="P:amp.Database.DataModel.AlbumTrack.AlbumId">
            <inheritdoc cref="P:amp.Shared.Interfaces.IAlbumTrack`2.AlbumId"/>
        </member>
        <member name="P:amp.Database.DataModel.AlbumTrack.AudioTrackId">
            <inheritdoc cref="P:amp.Shared.Interfaces.IAlbumTrack`2.AudioTrackId"/>
        </member>
        <member name="P:amp.Database.DataModel.AlbumTrack.QueueIndex">
            <inheritdoc cref="P:amp.Shared.Interfaces.IAlbumTrack`2.QueueIndex"/>
        </member>
        <member name="P:amp.Database.DataModel.AlbumTrack.QueueIndexAlternate">
            <inheritdoc cref="P:amp.Shared.Interfaces.IAlbumTrack`2.QueueIndexAlternate"/>
        </member>
        <member name="P:amp.Database.DataModel.AlbumTrack.ModifiedAtUtc">
            <inheritdoc cref="P:amp.Shared.Interfaces.IEntity.ModifiedAtUtc"/>
        </member>
        <member name="P:amp.Database.DataModel.AlbumTrack.CreatedAtUtc">
            <inheritdoc cref="P:amp.Shared.Interfaces.IEntity.CreatedAtUtc"/>
        </member>
        <member name="P:amp.Database.DataModel.AlbumTrack.Album">
            <inheritdoc cref="P:amp.Shared.Interfaces.IAlbumTrack`2.Album"/>
        </member>
        <member name="P:amp.Database.DataModel.AlbumTrack.AudioTrack">
            <inheritdoc cref="P:amp.Shared.Interfaces.IAlbumTrack`2.AudioTrack"/>
        </member>
        <member name="P:amp.Database.DataModel.AlbumTrack.RowVersion">
            <inheritdoc cref="P:amp.Shared.Interfaces.IRowVersionEntity.RowVersion"/>
        </member>
        <member name="T:amp.Database.DataModel.AudioTrack">
            <summary>
            A single audio track data in the amp# database.
            Implements the <see cref="T:amp.Shared.Interfaces.IAudioTrack" />
            </summary>
            <seealso cref="T:amp.Shared.Interfaces.IAudioTrack" />
        </member>
        <member name="P:amp.Database.DataModel.AudioTrack.Id">
            <inheritdoc cref="P:amp.Shared.Interfaces.IEntityBase`1.Id"/>
        </member>
        <member name="P:amp.Database.DataModel.AudioTrack.FileName">
            <inheritdoc cref="P:amp.Shared.Interfaces.IAudioTrack.FileName"/>
        </member>
        <member name="P:amp.Database.DataModel.AudioTrack.Artist">
            <inheritdoc cref="P:amp.Shared.Interfaces.IAudioTrack.FileName"/>
        </member>
        <member name="P:amp.Database.DataModel.AudioTrack.Album">
            <inheritdoc cref="P:amp.Shared.Interfaces.IAudioTrack.FileName"/>
        </member>
        <member name="P:amp.Database.DataModel.AudioTrack.Track">
            <inheritdoc cref="P:amp.Shared.Interfaces.IAudioTrack.FileName"/>
        </member>
        <member name="P:amp.Database.DataModel.AudioTrack.Year">
            <inheritdoc cref="P:amp.Shared.Interfaces.IAudioTrack.FileName"/>
        </member>
        <member name="P:amp.Database.DataModel.AudioTrack.Lyrics">
            <inheritdoc cref="P:amp.Shared.Interfaces.IAudioTrack.FileName"/>
        </member>
        <member name="P:amp.Database.DataModel.AudioTrack.Rating">
            <inheritdoc cref="P:amp.Shared.Interfaces.IAudioTrack.FileName"/>
        </member>
        <member name="P:amp.Database.DataModel.AudioTrack.PlayedByRandomize">
            <inheritdoc cref="P:amp.Shared.Interfaces.IAudioTrack.FileName"/>
        </member>
        <member name="P:amp.Database.DataModel.AudioTrack.PlayedByUser">
            <inheritdoc cref="P:amp.Shared.Interfaces.IAudioTrack.FileName"/>
        </member>
        <member name="P:amp.Database.DataModel.AudioTrack.FileSizeBytes">
            <inheritdoc cref="P:amp.Shared.Interfaces.IAudioTrack.FileName"/>
        </member>
        <member name="P:amp.Database.DataModel.AudioTrack.PlaybackVolume">
            <inheritdoc cref="P:amp.Shared.Interfaces.IAudioTrack.FileName"/>
        </member>
        <member name="P:amp.Database.DataModel.AudioTrack.OverrideName">
            <inheritdoc cref="P:amp.Shared.Interfaces.IAudioTrack.FileName"/>
        </member>
        <member name="P:amp.Database.DataModel.AudioTrack.TagFindString">
            <inheritdoc cref="P:amp.Shared.Interfaces.IAudioTrack.FileName"/>
        </member>
        <member name="P:amp.Database.DataModel.AudioTrack.TagRead">
            <inheritdoc cref="P:amp.Shared.Interfaces.IAudioTrack.FileName"/>
        </member>
        <member name="P:amp.Database.DataModel.AudioTrack.FileNameNoPath">
            <inheritdoc cref="P:amp.Shared.Interfaces.IAudioTrack.FileName"/>
        </member>
        <member name="P:amp.Database.DataModel.AudioTrack.SkippedEarlyCount">
            <inheritdoc cref="P:amp.Shared.Interfaces.IAudioTrack.FileName"/>
        </member>
        <member name="P:amp.Database.DataModel.AudioTrack.Title">
            <inheritdoc cref="P:amp.Shared.Interfaces.IAudioTrack.FileName"/>
        </member>
        <member name="P:amp.Database.DataModel.AudioTrack.TrackImageData">
            <inheritdoc cref="P:amp.Shared.Interfaces.IAudioTrack.FileName"/>
        </member>
        <member name="P:amp.Database.DataModel.AudioTrack.MusicFileType">
            <inheritdoc cref="P:amp.Shared.Interfaces.IAudioTrack.MusicFileType"/>
        </member>
        <member name="P:amp.Database.DataModel.AudioTrack.ModifiedAtUtc">
            <inheritdoc cref="P:amp.Shared.Interfaces.IEntity.ModifiedAtUtc"/>
        </member>
        <member name="P:amp.Database.DataModel.AudioTrack.CreatedAtUtc">
            <inheritdoc cref="P:amp.Shared.Interfaces.IEntity.CreatedAtUtc"/>
        </member>
        <member name="P:amp.Database.DataModel.AudioTrack.RowVersion">
            <inheritdoc cref="P:amp.Shared.Interfaces.IRowVersionEntity.RowVersion"/>
        </member>
        <member name="T:amp.Database.DataModel.QueueSnapshot">
            <summary>
            An entity to save queues into the database.
            Implements the <see cref="T:amp.Shared.Interfaces.IQueueSnapshot" />
            </summary>
            <seealso cref="T:amp.Shared.Interfaces.IQueueSnapshot" />
        </member>
        <member name="P:amp.Database.DataModel.QueueSnapshot.Id">
            <inheritdoc cref="P:amp.Shared.Interfaces.IEntityBase`1.Id"/>
        </member>
        <member name="P:amp.Database.DataModel.QueueSnapshot.AlbumId">
            <inheritdoc cref="P:amp.Shared.Interfaces.IQueueSnapshot.AlbumId"/>
        </member>
        <member name="P:amp.Database.DataModel.QueueSnapshot.SnapshotName">
            <inheritdoc cref="P:amp.Shared.Interfaces.IQueueSnapshot.SnapshotName"/>
        </member>
        <member name="P:amp.Database.DataModel.QueueSnapshot.SnapshotDate">
            <inheritdoc cref="P:amp.Shared.Interfaces.IQueueSnapshot.SnapshotDate"/>
        </member>
        <member name="P:amp.Database.DataModel.QueueSnapshot.ModifiedAtUtc">
            <inheritdoc cref="P:amp.Shared.Interfaces.IEntity.ModifiedAtUtc"/>
        </member>
        <member name="P:amp.Database.DataModel.QueueSnapshot.CreatedAtUtc">
            <inheritdoc cref="P:amp.Shared.Interfaces.IEntity.CreatedAtUtc"/>
        </member>
        <member name="P:amp.Database.DataModel.QueueSnapshot.QueueTracks">
            <summary>
            Gets or sets the queue tracks belonging to this queue snapshot.
            </summary>
            <value>The queued tracks.</value>
        </member>
        <member name="P:amp.Database.DataModel.QueueSnapshot.Album">
            <summary>
            Gets or sets the album of the queue snapshot.
            </summary>
            <value>The album of the queue snapshot.</value>
        </member>
        <member name="P:amp.Database.DataModel.QueueSnapshot.RowVersion">
            <inheritdoc cref="P:amp.Shared.Interfaces.IRowVersionEntity.RowVersion"/>
        </member>
        <member name="T:amp.Database.DataModel.QueueTrack">
            <summary>
            A single audio track in a queue snapshot.
            Implements the <see cref="T:amp.Shared.Interfaces.IQueueTrack" />
            </summary>
            <seealso cref="T:amp.Shared.Interfaces.IQueueTrack" />
        </member>
        <member name="P:amp.Database.DataModel.QueueTrack.Id">
            <inheritdoc cref="P:amp.Shared.Interfaces.IEntityBase`1.Id"/>
        </member>
        <member name="P:amp.Database.DataModel.QueueTrack.AudioTrackId">
            <inheritdoc cref="P:amp.Shared.Interfaces.IQueueTrack.AudioTrackId"/>
        </member>
        <member name="P:amp.Database.DataModel.QueueTrack.QueueSnapshotId">
            <inheritdoc cref="P:amp.Shared.Interfaces.IQueueTrack.QueueSnapshotId"/>
        </member>
        <member name="P:amp.Database.DataModel.QueueTrack.QueueIndex">
            <inheritdoc cref="P:amp.Shared.Interfaces.IQueueTrack.QueueIndex"/>
        </member>
        <member name="P:amp.Database.DataModel.QueueTrack.ModifiedAtUtc">
            <inheritdoc cref="P:amp.Shared.Interfaces.IEntity.ModifiedAtUtc"/>
        </member>
        <member name="P:amp.Database.DataModel.QueueTrack.CreatedAtUtc">
            <inheritdoc cref="P:amp.Shared.Interfaces.IEntity.CreatedAtUtc"/>
        </member>
        <member name="P:amp.Database.DataModel.QueueTrack.AudioTrack">
            <summary>
            Gets or sets the audio track of this queue track.
            </summary>
            <value>The audio track of this queue track.</value>
        </member>
        <member name="P:amp.Database.DataModel.QueueTrack.QueueSnapshot">
            <summary>
            Gets or sets the queue snapshot reference.
            </summary>
            <value>The queue snapshot reference.</value>
        </member>
        <member name="P:amp.Database.DataModel.QueueTrack.RowVersion">
            <inheritdoc cref="P:amp.Shared.Interfaces.IRowVersionEntity.RowVersion"/>
        </member>
        <member name="T:amp.Database.ExtensionClasses.DbContextExtensions">
            <summary>
            Extension methods for the <see cref="T:Microsoft.EntityFrameworkCore.DbContext"/> class.
            </summary>
        </member>
        <member name="M:amp.Database.ExtensionClasses.DbContextExtensions.UpdateRangeAndSave``1(Microsoft.EntityFrameworkCore.DbContext,System.Collections.Generic.IEnumerable{``0},System.Boolean)">
            <summary>
            Updates the specified range of entities, saves the possible changes and stops tracking the <paramref name="entities"/> if the <paramref name="clearTracking"/> is set to <c>true</c>.
            </summary>
            <typeparam name="TEntity">The type of entity being operated on by this set.</typeparam>
            <param name="context">The database context the entities belong to.</param>
            <param name="entities">The entities to update.</param>
            <param name="clearTracking">if set to <c>true</c> the <see cref="M:Microsoft.EntityFrameworkCore.ChangeTracking.ChangeTracker.Clear"/> is called.</param>
            <returns>A task that represents the asynchronous save operation. The task result contains the number of state entries written to the database.</returns>
        </member>
        <member name="M:amp.Database.ExtensionClasses.DbContextExtensions.UpdateRangeAndSave``1(Microsoft.EntityFrameworkCore.DbContext,``0[],System.Boolean)">
            <summary>
            Updates the specified range of entities, saves the possible changes and stops tracking the <paramref name="entities"/> if the <paramref name="clearTracking"/> is set to <c>true</c>.
            </summary>
            <typeparam name="TEntity">The type of entity being operated on by this set.</typeparam>
            <param name="context">The database context the entities belong to.</param>
            <param name="entities">The entities to update.</param>
            <param name="clearTracking">if set to <c>true</c> the <see cref="M:Microsoft.EntityFrameworkCore.ChangeTracking.ChangeTracker.Clear"/> is called.</param>
            <returns>A task that represents the asynchronous save operation. The task result contains the number of state entries written to the database.</returns>
        </member>
        <member name="T:amp.Database.ExtensionClasses.DbSetExtensions">
            <summary>
            Helper classes for <see cref="T:Microsoft.EntityFrameworkCore.DbSet`1"/>.
            </summary>
        </member>
        <member name="M:amp.Database.ExtensionClasses.DbSetExtensions.GetUnTrackedList``2(Microsoft.EntityFrameworkCore.DbSet{``0},System.Func{``0,``1},System.Int64[],System.Func{``0,System.Boolean})">
            <summary>
            Gets the un-tracked list of entities.
            </summary>
            <typeparam name="T">The TEntity type.</typeparam>
            <typeparam name="TKey">The type of the key for the <paramref name="orderFunc"/>.</typeparam>
            <param name="entities">The entities of type of <see cref="T:Microsoft.EntityFrameworkCore.DbSet`1"/>.</param>
            <param name="orderFunc">The orderFunc.</param>
            <param name="topListItems">The top list item keys.</param>
            <param name="selectFunc">The optional selection filtering function.</param>
            <returns>List&lt;T&gt;.</returns>
        </member>
        <member name="T:amp.Database.ExtensionClasses.EntityHelper">
            <summary>
            Some EF Core extension methods.
            </summary>
        </member>
        <member name="M:amp.Database.ExtensionClasses.EntityHelper.SpecifyUtcKind``1(Microsoft.EntityFrameworkCore.Metadata.Builders.EntityTypeBuilder{``0})">
            <summary>
            Specifies the entity implementing the <see cref="T:amp.Shared.Interfaces.IEntity"/> interface <see cref="T:System.DateTime"/> properties as <see cref="F:System.DateTimeKind.Utc"/>.
            </summary>
            <param name="typeBuilder">The <see cref="T:Microsoft.EntityFrameworkCore.Metadata.Builders.EntityTypeBuilder"/> instance.</param>
        </member>
        <member name="M:amp.Database.ExtensionClasses.EntityHelper.SpecifyRowVersion``1(Microsoft.EntityFrameworkCore.Metadata.Builders.EntityTypeBuilder{``0})">
            <summary>
            Specifies the entity implementing the <see cref="T:amp.Shared.Interfaces.IRowVersionEntity"/> interface <see cref="P:amp.Shared.Interfaces.IRowVersionEntity.RowVersion"/> column conversion.
            </summary>
            <typeparam name="T">The type of the entity.</typeparam>
            <param name="typeBuilder">The <see cref="T:Microsoft.EntityFrameworkCore.Metadata.Builders.EntityTypeBuilder"/> instance.</param>
        </member>
        <member name="T:amp.Database.ExtensionClasses.MigrationExtensions">
            <summary>
            Extension methods for the <see cref="N:FluentMigrator"/>.
            </summary>
        </member>
        <member name="M:amp.Database.ExtensionClasses.MigrationExtensions.CreateRowVersionTriggers(FluentMigrator.Migration,System.String)">
            <summary>
            Creates the row version simulation triggers for a specified table.
            </summary>
            <param name="migration">The migration instance.</param>
            <param name="tableName">Name of the table.</param>
        </member>
        <member name="M:amp.Database.ExtensionClasses.MigrationExtensions.DropRowVersionTriggers(FluentMigrator.Migration,System.String)">
            <summary>
            Drops the row version simulation triggers from a specified table.
            </summary>
            <param name="migration">The migration instance.</param>
            <param name="tableName">Name of the table.</param>
        </member>
        <member name="T:amp.Database.Globals">
            <summary>
            Global definitions for the library.
            </summary>
        </member>
        <member name="P:amp.Database.Globals.ConnectionString">
            <summary>
            Gets or sets the connection string for the amp# database.
            </summary>
            <value>The connection string.</value>
        </member>
        <member name="P:amp.Database.Globals.DatabaseFile">
            <summary>
            Gets or sets the database file name of the amp# SQLite database.
            </summary>
            <value>The database file name of the database.</value>
        </member>
        <member name="T:amp.Database.LegacyConvert.ConvertProgressArgs">
            <summary>
            Event arguments for the <see cref="E:amp.Database.LegacyConvert.MigrateOld.ReportProgress"/> event.
            Implements the <see cref="T:System.EventArgs" />
            </summary>
            <seealso cref="T:System.EventArgs" />
        </member>
        <member name="P:amp.Database.LegacyConvert.ConvertProgressArgs.AudioTracksHandledCount">
            <summary>
            Gets or sets the audio tracks handled count.
            </summary>
            <value>The audio tracks handled count.</value>
        </member>
        <member name="P:amp.Database.LegacyConvert.ConvertProgressArgs.AudioTracksCountTotal">
            <summary>
            Gets or sets the audio tracks count total.
            </summary>
            <value>The audio tracks count total.</value>
        </member>
        <member name="P:amp.Database.LegacyConvert.ConvertProgressArgs.AlbumsHandledCount">
            <summary>
            Gets or sets the albums handled count.
            </summary>
            <value>The albums handled count.</value>
        </member>
        <member name="P:amp.Database.LegacyConvert.ConvertProgressArgs.AlbumsCountTotal">
            <summary>
            Gets or sets the albums count total.
            </summary>
            <value>The albums count total.</value>
        </member>
        <member name="P:amp.Database.LegacyConvert.ConvertProgressArgs.AlbumEntriesHandledCount">
            <summary>
            Gets or sets the album entries handled count.
            </summary>
            <value>The album entries handled count.</value>
        </member>
        <member name="P:amp.Database.LegacyConvert.ConvertProgressArgs.AlbumEntryCountTotal">
            <summary>
            Gets or sets the album entry count total.
            </summary>
            <value>The album entry count total.</value>
        </member>
        <member name="P:amp.Database.LegacyConvert.ConvertProgressArgs.QueueEntriesHandledCount">
            <summary>
            Gets or sets the queue entries handled count.
            </summary>
            <value>The queue entries handled count.</value>
        </member>
        <member name="P:amp.Database.LegacyConvert.ConvertProgressArgs.QueueEntryCountTotal">
            <summary>
            Gets or sets the queue entry count total.
            </summary>
            <value>The queue entry count total.</value>
        </member>
        <member name="P:amp.Database.LegacyConvert.ConvertProgressArgs.HandledCountTotal">
            <summary>
            Gets the count of total entries handled in the conversion.
            </summary>
            <value>The count of total entries handled in the conversion.</value>
        </member>
        <member name="P:amp.Database.LegacyConvert.ConvertProgressArgs.CountTotal">
            <summary>
            Gets or sets the count of total entries to handle in the conversion.
            </summary>
            <value>The count of total entries to handle in the conversion.</value>
        </member>
        <member name="P:amp.Database.LegacyConvert.ConvertProgressArgs.Eta">
            <summary>
            Gets the ETA time of the conversion.
            </summary>
            <value>The ETA time of the conversion.</value>
        </member>
        <member name="T:amp.Database.LegacyConvert.MigrateOld">
            <summary>
            A class to migrate data from the old format into the new EF Core database.
            </summary>
        </member>
        <member name="M:amp.Database.LegacyConvert.MigrateOld.OldDatabaseStatistics(System.String)">
            <summary>
            Gets statistic numbers from the old database.
            </summary>
            <param name="fileNameOld">The old database file name.</param>
            <returns>A value tuple with the statistics.</returns>
        </member>
        <member name="E:amp.Database.LegacyConvert.MigrateOld.ReportProgress">
            <summary>
            Occurs when the database migration progress changes.
            </summary>
        </member>
        <member name="E:amp.Database.LegacyConvert.MigrateOld.ThreadStopped">
            <summary>
            Occurs when database migration thread has been stopped.
            </summary>
        </member>
        <member name="M:amp.Database.LegacyConvert.MigrateOld.RunConvert(System.String,System.String,System.Int32)">
            <summary>
            Creates a thread which converts the old database into the new EF Core format.
            </summary>
            <param name="fileNameOld">The old database file name.</param>
            <param name="fileNameNew">The new database file name.</param>
            <param name="transactionRowLimit">An amount of rows to insert in a single transaction into the database.</param>
        </member>
        <member name="M:amp.Database.LegacyConvert.MigrateOld.AbortConversion">
            <summary>
            Stops the database conversion thread.
            </summary>
        </member>
        <member name="M:amp.Database.LegacyConvert.MigrateOld.GenerateMigrationData(System.String,System.String,System.Int32)">
            <summary>
            Collects a SQL sentence collection which migrates the existing data into the EF Core database.
            </summary>
            <param name="fileNameOld">The old database file name.</param>
            <param name="fileNameNew">The new database file name.</param>
            <param name="transactionRowLimit">The amount of rows to insert in a single transaction.</param>
        </member>
        <member name="T:amp.Database.Migrate">
            <summary>
            A class to migrate changes into the amp# EF Core database.
            </summary>
        </member>
        <member name="M:amp.Database.Migrate.#ctor(System.String)">
            <summary>
            Initializes a new instance of the <see cref="T:amp.Database.Migrate"/> class.
            </summary>
            <param name="connectionString">The connection string to the SQLite database to perform the migration into.</param>
        </member>
        <member name="M:amp.Database.Migrate.RunMigrateUp">
            <summary>
            Performs the forward migration for the database.
            </summary>
        </member>
        <member name="M:amp.Database.Migrate.RunMigrateDown(System.Int64)">
            <summary>
            Performs the backward migration for the database.
            </summary>
            <param name="version">The version of the migration.</param>
        </member>
        <member name="M:amp.Database.Migrate.CreateServices(System.String,System.String[])">
            <summary>
            Configure the dependency injection services
            </summary>
        </member>
        <member name="M:amp.Database.Migrate.UpdateDatabase(System.IServiceProvider)">
            <summary>
            Update the database.
            <param name="serviceProvider">The dependency injection provider for the migrations.</param>
            </summary>
        </member>
        <member name="M:amp.Database.Migrate.RevertDatabase(System.IServiceProvider,System.Int64)">
            <summary>
            Reverts the database into a specified version.
            <param name="serviceProvider">The dependency injection provider for the migrations.</param>
            <param name="version">The version to migrate down to.</param>
            </summary>
        </member>
        <member name="T:amp.Database.Migration.CreateInitialDatabase">
            <summary>
            Performs the initial migration for the EF Core database.
            Implements the <see cref="N:amp.Database.Migration" />
            </summary>
            <seealso cref="N:amp.Database.Migration" />
        </member>
        <member name="M:amp.Database.Migration.CreateInitialDatabase.Up">
            <inheritdoc cref="M:FluentMigrator.MigrationBase.Up"/>
        </member>
        <member name="M:amp.Database.Migration.CreateInitialDatabase.Down">
            <inheritdoc cref="M:FluentMigrator.MigrationBase.Down"/>
        </member>
        <member name="T:amp.Database.QueryHelpers.QueryCompletedEventArgs`1">
            <summary>
            A class to report the completion of the query tasks run by the <see cref="T:amp.Database.QueryHelpers.QueryDivider`1"/> class.
            Implements the <see cref="T:System.EventArgs" />
            </summary>
            <typeparam name="T">The type of the result of the query.</typeparam>
            <seealso cref="T:System.EventArgs" />
        </member>
        <member name="P:amp.Database.QueryHelpers.QueryCompletedEventArgs`1.ResultList">
            <summary>
            Gets the query result as a list.
            </summary>
            <value>The result as a list.</value>
        </member>
        <member name="T:amp.Database.QueryHelpers.QueryDivider`1">
            <summary>
            A class to divide a query into multiple tasks and run the divided query in parallel.
            </summary>
        </member>
        <member name="M:amp.Database.QueryHelpers.QueryDivider`1.#ctor(System.Linq.IQueryable{`0},System.Int32)">
            <summary>
            Initializes a new instance of the <see cref="T:amp.Database.QueryHelpers.QueryDivider`1"/> class.
            </summary>
            <param name="queryable">The <see cref="T:System.Linq.IQueryable`1"/> query to divide into pieces and run parallel.</param>
            <param name="taskSize">Size of the parallel tasks to divide the query into.</param>
        </member>
        <member name="M:amp.Database.QueryHelpers.QueryDivider`1.SetQueryTasks(System.Linq.IQueryable{`0},System.Int32)">
            <summary>
            Divides the specified query into <paramref name="taskSize"/>-sized parts and creates the tasks.
            </summary>
            <param name="query">The query to divide into tasks.</param>
            <param name="taskSize">Size of a single task.</param>
        </member>
        <member name="E:amp.Database.QueryHelpers.QueryDivider`1.ProgressChanged">
            <summary>
            Occurs when the progress of the query tasks completion has changed.
            </summary>
        </member>
        <member name="E:amp.Database.QueryHelpers.QueryDivider`1.QueryCompleted">
            <summary>
            Occurs when query has been completed.
            </summary>
        </member>
        <member name="M:amp.Database.QueryHelpers.QueryDivider`1.RunQueryTasks">
            <summary>
            Starts running the query tasks in parallel in a separate thread.
            </summary>
        </member>
        <member name="M:amp.Database.QueryHelpers.QueryDivider`1.RunQueryTasks(System.Threading.CancellationToken)">
            <summary>
            Starts running the query tasks in parallel in a separate thread.
            </summary>
            <param name="cancellationToken">The cancellation token that can be used by other objects or threads to receive notice of cancellation.</param>
        </member>
        <member name="P:amp.Database.QueryHelpers.QueryDivider`1.TotalTaskCount">
            <summary>
            Gets the total task count for the divided query.
            </summary>
            <value>The total task count.</value>
        </member>
        <member name="T:amp.Database.QueryHelpers.QueryProgressChangedEventArgs">
            <summary>
            Event arguments for the <see cref="T:System.EventArgs"/> class to report progress changes.
            Implements the <see cref="N:System" />
            </summary>
            <seealso cref="N:System" />
        </member>
        <member name="P:amp.Database.QueryHelpers.QueryProgressChangedEventArgs.TotalCount">
            <summary>
            Gets the total task count to query is divided into.
            </summary>
            <value>The total count.</value>
        </member>
        <member name="P:amp.Database.QueryHelpers.QueryProgressChangedEventArgs.CurrentCount">
            <summary>
            Gets the current count of completed tasks of the query.
            </summary>
            <value>The current count.</value>
        </member>
        <member name="P:amp.Database.QueryHelpers.QueryProgressChangedEventArgs.TaskIndex">
            <summary>
            Gets or sets sequential index of the task which is the creation order of the divided tasks.
            </summary>
            <value>The sequential index of the task.</value>
        </member>
        <member name="P:amp.Database.QueryHelpers.QueryProgressChangedEventArgs.CurrentPercentage">
            <summary>
            Gets the percentage of <see cref="P:amp.Database.QueryHelpers.QueryProgressChangedEventArgs.TotalCount"/> compared to <see cref="P:amp.Database.QueryHelpers.QueryProgressChangedEventArgs.CurrentCount"/>.
            </summary>
            <value>The current percentage.</value>
        </member>
        <member name="T:amp.Database.QueryHelpers.TaskData">
            <summary>
            Data class for the <see cref="T:amp.Database.QueryHelpers.QueryDivider`1"/> tasks.
            </summary>
        </member>
        <member name="P:amp.Database.QueryHelpers.TaskData.TaskIndex">
            <summary>
            Gets or sets the index of the task.
            </summary>
            <value>The index of the task.</value>
        </member>
        <member name="P:amp.Database.QueryHelpers.TaskData.TaskSize">
            <summary>
            Gets or sets the size of the task in rows of data from the database.
            </summary>
            <value>The size of the task.</value>
        </member>
        <member name="P:amp.Database.QueryHelpers.TaskData.ProgressAction">
            <summary>
            Gets or sets the progress action to report task completion.
            </summary>
            <value>The progress action.</value>
        </member>
    </members>
</doc>
