<?xml version="1.0"?>
<doc>
    <assembly>
        <name>amp.Shared</name>
    </assembly>
    <members>
        <member name="T:amp.Shared.Classes.CultureExtended">
            <summary>
            Due to a bug in Eto.Forms (WPF) the ComboBox selected item text must be overridden (See: https://github.com/picoe/Eto/issues/414)
            Implements the <see cref="T:System.Globalization.CultureInfo" />
            </summary>
            <seealso cref="T:System.Globalization.CultureInfo" />
        </member>
        <member name="M:amp.Shared.Classes.CultureExtended.#ctor(System.String,System.Boolean)">
            <summary>
            Initializes a new instance of the <see cref="T:amp.Shared.Classes.CultureExtended"/> class.
            </summary>
            <param name="name">The name of the culture.</param>
            <param name="local">if set to <c>true</c> the <see cref="M:amp.Shared.Classes.CultureExtended.ToString"/> returns the localized culture name].</param>
        </member>
        <member name="M:amp.Shared.Classes.CultureExtended.ToString">
            <summary>
            Returns a <see cref="T:System.String" /> that represents this instance.
            </summary>
            <returns>A <see cref="T:System.String" /> that represents this instance.</returns>
        </member>
        <member name="T:amp.Shared.Classes.DirectoryFileCrawler">
            <summary>
            A class to crawl directories for specified file types.
            </summary>
        </member>
        <member name="M:amp.Shared.Classes.DirectoryFileCrawler.CrawlDirectory(System.String,System.Threading.CancellationToken,System.Func{System.Collections.Generic.List{System.IO.FileInfo},System.Threading.Tasks.Task},System.Boolean,System.String[])">
            <summary>
            Crawls the directory optionally recursive and reports the found files via an async callback function for each directory.
            </summary>
            <param name="path">The path to start crawling from.</param>
            <param name="cancellationToken">The cancellation token that can be used by other objects or threads to receive notice of cancellation.</param>
            <param name="filesCallbackFunc">The callback function to report found files via a <see cref="T:System.IO.FileInfo"/> class.</param>
            <param name="recurse">if set to <c>true</c> crawl the directory recursively.</param>
            <param name="fileExtensions">The file extensions.</param>
        </member>
        <member name="T:amp.Shared.Classes.FileExtensionConvert">
            <summary>
            A class to convert file extension to <see cref="T:amp.Shared.Enumerations.MusicFileType"/> enumeration values and vice-versa.
            </summary>
        </member>
        <member name="M:amp.Shared.Classes.FileExtensionConvert.FileNameToFileType(System.String)">
            <summary>
            Files the type from the file extension.
            </summary>
            <param name="fileName">Name of the file.</param>
            <returns>A <see cref="T:amp.Shared.Enumerations.MusicFileType"/> enumeration value.</returns>
        </member>
        <member name="T:amp.Shared.Classes.FileTagInfoHelper">
            <summary>
            Helper methods for the <see cref="T:ATL.Track"/> class.
            </summary>
        </member>
        <member name="M:amp.Shared.Classes.FileTagInfoHelper.GetTagString(ATL.Track)">
            <summary>
            Gets the tag data as string for searching purposes.
            </summary>
            <param name="track">The track data.</param>
            <returns>A string with the tag data.</returns>
        </member>
        <member name="T:amp.Shared.Classes.IdValuePair`1">
            <summary>
            A class to pair entity identifiers combined with data value.
            Implements the <see cref="T:amp.Shared.Interfaces.IEntityBase`1" />
            </summary>
            <typeparam name="T">The type of the <see cref="P:amp.Shared.Classes.IdValuePair`1.Value"/>.</typeparam>
            <seealso cref="T:amp.Shared.Interfaces.IEntityBase`1" />
        </member>
        <member name="P:amp.Shared.Classes.IdValuePair`1.Id">
            <inheritdoc cref="T:amp.Shared.Interfaces.IEntityBase`1"/>
        </member>
        <member name="P:amp.Shared.Classes.IdValuePair`1.Value">
            <summary>
            Gets or sets the value part of the pair.
            </summary>
            <value>The value part of the pair.</value>
        </member>
        <member name="T:amp.Shared.Classes.TaskExecutionCatchPatterns">
            <summary>
            Some try...catch patterns for <see cref="T:System.Threading.CancellationToken"/> use in tasks.
            </summary>
        </member>
        <member name="M:amp.Shared.Classes.TaskExecutionCatchPatterns.TryCatchPattern(System.Action)">
            <summary>
            Try catch pattern for an operation with task cancellation.
            </summary>
            <param name="action">The action to perform.</param>
        </member>
        <member name="M:amp.Shared.Classes.TaskExecutionCatchPatterns.TryCatchPatternAsync(System.Func{System.Threading.Tasks.Task})">
            <summary>
            Try catch pattern for an asynchronous operation with task cancellation.
            </summary>
            <param name="action">The action to perform.</param>
            <returns>A Task representing the asynchronous operation.</returns>
        </member>
        <member name="T:amp.Shared.Classes.TimeEstimateCalculator">
            <summary>
            A class to calculate time estimates for amount / seconds.
            </summary>
        </member>
        <member name="M:amp.Shared.Classes.TimeEstimateCalculator.#ctor">
            <summary>
            Initializes a new instance of the <see cref="T:amp.Shared.Classes.TimeEstimateCalculator"/> class.
            </summary>
        </member>
        <member name="M:amp.Shared.Classes.TimeEstimateCalculator.#ctor(System.Double)">
            <summary>
            Initializes a new instance of the <see cref="T:amp.Shared.Classes.TimeEstimateCalculator"/> class.
            </summary>
            <param name="maxItems">The maximum amount of items to use as statistics.</param>
        </member>
        <member name="M:amp.Shared.Classes.TimeEstimateCalculator.AddData(System.DateTime,System.DateTime,System.Double)">
            <summary>
            Adds the statistic data to enable estimation calculation.
            </summary>
            <param name="start">The start time.</param>
            <param name="end">The end time.</param>
            <param name="amount">The amount of items between the start and end time.</param>
        </member>
        <member name="M:amp.Shared.Classes.TimeEstimateCalculator.Estimate(System.Double)">
            <summary>
            Calculates the estimate time for the operation being ready.
            </summary>
            <param name="totalCount">The current total count.</param>
            <returns>An estimate <see cref="T:System.DateTime"/> or <c>null</c> if the estimate couldn't be calculated.</returns>
        </member>
        <member name="P:amp.Shared.Classes.TimeEstimateCalculator.CalculateWeighted">
            <summary>
            Gets or sets a value indicating whether to use weighted average for the time estimate calculation.
            </summary>
            <value><c>true</c> if to use weighted average for the calculation; otherwise, <c>false</c>.</value>
        </member>
        <member name="P:amp.Shared.Classes.TimeEstimateCalculator.HandledItems">
            <summary>
            Gets the amount of handled items.
            </summary>
            <value>The amount handled items.</value>
        </member>
        <member name="P:amp.Shared.Classes.TimeEstimateCalculator.MaxItems">
            <summary>
            Gets or sets the maximum amount of items to use for the calculation.
            </summary>
            <value>The maximum amount of items to use for the calculation.</value>
        </member>
        <member name="F:amp.Shared.Classes.TimeEstimateCalculator.countItems">
            <summary>
            The item statistic data for the calculation.
            </summary>
        </member>
        <member name="T:amp.Shared.Classes.TrackInfoGetHelper">
            <summary>
            Helper class to gather information about the audioTrack from the tag and file info.
            </summary>
        </member>
        <member name="M:amp.Shared.Classes.TrackInfoGetHelper.UpdateTrackInfo(amp.Shared.Interfaces.IAudioTrack,System.IO.FileInfo)">
            <summary>
            Updates the audioTrack information.
            </summary>
            <param name="audioTrack">The audioTrack to update.</param>
            <param name="fileInfo">The file information.</param>
        </member>
        <member name="T:amp.Shared.Classes.UndoRedoStack`1">
            <summary>
            A class to store undo and redo data either with specified capacity or "unlimited" capacity.
            </summary>
            <typeparam name="T"></typeparam>
        </member>
        <member name="M:amp.Shared.Classes.UndoRedoStack`1.#ctor">
            <summary>
            Initializes a new instance of the <see cref="T:amp.Shared.Classes.UndoRedoStack`1"/> class.
            </summary>
        </member>
        <member name="M:amp.Shared.Classes.UndoRedoStack`1.#ctor(System.Int32)">
            <summary>
            Initializes a new instance of the <see cref="T:amp.Shared.Classes.UndoRedoStack`1"/> class.
            </summary>
            <param name="capacity">A maximum size limit for the stack.</param>
        </member>
        <member name="M:amp.Shared.Classes.UndoRedoStack`1.Reset">
            <summary>
            Resets the undo/redo data of this instance.
            </summary>
        </member>
        <member name="M:amp.Shared.Classes.UndoRedoStack`1.Add(`0)">
            <summary>
            Adds the specified value to the <see cref="T:amp.Shared.Classes.UndoRedoStack`1"/>.
            </summary>
            <param name="value">The value to add.</param>
        </member>
        <member name="P:amp.Shared.Classes.UndoRedoStack`1.CanUndo">
            <summary>
            Gets a value indicating whether the <see cref="M:amp.Shared.Classes.UndoRedoStack`1.Undo"/> command can return valid undo data.
            </summary>
            <value><c>true</c> if the <see cref="M:amp.Shared.Classes.UndoRedoStack`1.Undo"/> command can return valid undo data; otherwise, <c>false</c>.</value>
        </member>
        <member name="P:amp.Shared.Classes.UndoRedoStack`1.CanRedo">
            <summary>
            Gets a value indicating whether the <see cref="M:amp.Shared.Classes.UndoRedoStack`1.Redo"/> command can return valid redo data.
            </summary>
            <value><c>true</c> if the <see cref="M:amp.Shared.Classes.UndoRedoStack`1.Redo"/> command can return valid undo redo; otherwise, <c>false</c>.</value>
        </member>
        <member name="P:amp.Shared.Classes.UndoRedoStack`1.UndoCount">
            <summary>
            Gets the amount of items which can be undone.
            </summary>
            <value>The undo count.</value>
        </member>
        <member name="P:amp.Shared.Classes.UndoRedoStack`1.RedoCount">
            <summary>
            Gets the amount of items which can be redone.
            </summary>
            <value>The redo count.</value>
        </member>
        <member name="M:amp.Shared.Classes.UndoRedoStack`1.Undo">
            <summary>
            Returns the item to undo.
            </summary>
            <returns><typeparamref name="T"/>? value.</returns>
        </member>
        <member name="M:amp.Shared.Classes.UndoRedoStack`1.Redo">
            <summary>
            Returns the item to redo.
            </summary>
            <returns><typeparamref name="T"/>? value.</returns>
        </member>
        <member name="T:amp.Shared.Classes.UtilityOS">
            <summary>
            Some operating system utilities.
            </summary>
        </member>
        <member name="M:amp.Shared.Classes.UtilityOS.GetValueForOS``1(``0,``0,``0,``0)">
            <summary>
            Gets a nullable value depending on the current operating system.
            </summary>
            <typeparam name="T">The type of the value to return.</typeparam>
            <param name="windowsValue">The value for Windows operation system.</param>
            <param name="linuxValue">The value for Linux operation system.</param>
            <param name="macValue">The value for macOS operation system.</param>
            <param name="fallback">The fallback value if the operating system was not Linux, Windows or macOS.</param>
            <returns>A value of type of <typeparamref name="T"/>?.</returns>
        </member>
        <member name="M:amp.Shared.Classes.UtilityOS.GetValueForOSNotNull``1(``0,``0,``0,``0)">
            <summary>
            Gets a nullable value depending on the current operating system.
            </summary>
            <typeparam name="T">The type of the value to return.</typeparam>
            <param name="windowsValue">The value for Windows operation system.</param>
            <param name="linuxValue">The value for Linux operation system.</param>
            <param name="macValue">The value for macOS operation system.</param>
            <param name="fallback">The fallback value if the operating system was not Linux, Windows or macOS.</param>
            <returns>A value of type of <typeparamref name="T"/>.</returns>
        </member>
        <member name="P:amp.Shared.Classes.UtilityOS.IsWindowsOS">
            <summary>
            Gets a value whether the current operating system is Windows.
            </summary>
            <value><c>true</c> if the current operating system is Windows; otherwise, <c>false</c>.</value>
        </member>
        <member name="P:amp.Shared.Classes.UtilityOS.IsMacOS">
            <summary>
            Gets a value whether the current operating system is macOS.
            </summary>
            <value><c>true</c> if the current operating system is macOS; otherwise, <c>false</c>.</value>
        </member>
        <member name="P:amp.Shared.Classes.UtilityOS.IsLinuxOS">
            <summary>
            Gets a value whether the current operating system is Linux.
            </summary>
            <value><c>true</c> if the current operating system is Linux; otherwise, <c>false</c>.</value>
        </member>
        <member name="T:amp.Shared.Constants.ImageConstants">
            <summary>
            Image file related constants.
            </summary>
        </member>
        <member name="F:amp.Shared.Constants.ImageConstants.SupportedExtensions">
            <summary>
            The supported extensions for image files.
            </summary>
        </member>
        <member name="P:amp.Shared.Constants.ImageConstants.SupportedExtensionArray">
            <summary>
            The supported extensions of image files as an array.
            </summary>
            <value>The supported extension array.</value>
        </member>
        <member name="T:amp.Shared.Constants.MusicConstants">
            <summary>
            A class for music related constants.
            </summary>
        </member>
        <member name="F:amp.Shared.Constants.MusicConstants.SupportedExtensions">
            <summary>
            The supported extensions of music files by the amp# software.
            </summary>
        </member>
        <member name="P:amp.Shared.Constants.MusicConstants.SupportedExtensionArray">
            <summary>
            The supported extensions of music files by the amp# software as an array.
            </summary>
            <value>The supported extension array.</value>
        </member>
        <member name="T:amp.Shared.Enumerations.MusicFileType">
            <summary>
            An enumeration of music file formats.
            </summary>
        </member>
        <member name="F:amp.Shared.Enumerations.MusicFileType.Unknown">
            <summary>
            The audio file format is unknown.
            </summary>
        </member>
        <member name="F:amp.Shared.Enumerations.MusicFileType.Mp3">
            <summary>
            The MPEG-[1, 2, 2.5] Audio Layer III music file format.
            </summary>
        </member>
        <member name="F:amp.Shared.Enumerations.MusicFileType.Ogg">
            <summary>
            The Ogg Vorbis music file format.
            </summary>
        </member>
        <member name="F:amp.Shared.Enumerations.MusicFileType.Wav">
            <summary>
            The Waveform Audio file format.
            </summary>
        </member>
        <member name="F:amp.Shared.Enumerations.MusicFileType.Wma">
            <summary>
            The Windows Media Audio file format.
            </summary>
        </member>
        <member name="F:amp.Shared.Enumerations.MusicFileType.M4a">
            <summary>
            The MPEG-4 Audio file format.
            </summary>
        </member>
        <member name="F:amp.Shared.Enumerations.MusicFileType.Aac">
            <summary>
            The Advanced Audio Coding file format.
            </summary>
        </member>
        <member name="F:amp.Shared.Enumerations.MusicFileType.Aif">
            <summary>
            The Audio Interchange file Format.
            </summary>
        </member>
        <member name="F:amp.Shared.Enumerations.MusicFileType.Flac">
            <summary>
            The Free Lossless Audio Codec file format.
            </summary>
        </member>
        <member name="T:amp.Shared.Extensions.CollectionExtensions">
            <summary>
            Extension for <see cref="T:System.Collections.ObjectModel.Collection`1"/> class and its descendants.
            </summary>
        </member>
        <member name="M:amp.Shared.Extensions.CollectionExtensions.FindIndex``1(System.Collections.ObjectModel.Collection{``0},System.Predicate{``0})">
            <summary>
            Finds the index.
            </summary>
            <typeparam name="T">The type of the collection.</typeparam>
            <param name="collection">The collection.</param>
            <param name="matchPredicate">The match predicate.</param>
            <returns>System.Int32.</returns>
        </member>
        <member name="M:amp.Shared.Extensions.CollectionExtensions.Upsert``1(System.Collections.ObjectModel.Collection{``0},``0,System.Predicate{``0})">
            <summary>
            Updates or inserts the specified specified value to the collection.
            </summary>
            <typeparam name="T">The type of the collection.</typeparam>
            <param name="collection">The collection.</param>
            <param name="value">The value to either insert or update.</param>
            <param name="match">The <see cref="T:System.Predicate`1"/> delegate that defines the conditions of the element to search for.</param>
        </member>
        <member name="T:amp.Shared.Extensions.FileHelpers">
            <summary>
            Helper methods for files.
            </summary>
        </member>
        <member name="M:amp.Shared.Extensions.FileHelpers.CopyTo(System.String,System.String)">
            <summary>
            Copies a file to specified folder.
            </summary>
            <param name="fileName">Name of the file.</param>
            <param name="destinationFolder">The destination folder.</param>
        </member>
        <member name="T:amp.Shared.Extensions.ListExtensions">
            <summary>
            Extension for <see cref="T:System.Collections.Generic.List`1"/> class and its descendants.
            </summary>
        </member>
        <member name="M:amp.Shared.Extensions.ListExtensions.Upsert``1(System.Collections.Generic.List{``0},``0,System.Predicate{``0})">
            <summary>
            Updates or inserts the specified specified value to the list.
            </summary>
            <typeparam name="T">The type of the list.</typeparam>
            <param name="list">The list.</param>
            <param name="value">The value to either insert or update.</param>
            <param name="match">The <see cref="T:System.Predicate`1"/> delegate that defines the conditions of the element to search for.</param>
        </member>
        <member name="T:amp.Shared.Globals">
            <summary>
            Global definitions for the library.
            </summary>
        </member>
        <member name="P:amp.Shared.Globals.FloatingPointTolerance">
            <summary>
            Gets or sets the floating point comparison tolerance.
            </summary>
            <value>The floating point comparison tolerance.</value>
        </member>
        <member name="P:amp.Shared.Globals.FloatingPointSingleTolerance">
            <summary>
            Gets or sets the floating point comparison tolerance for the single-precision floating point values.
            </summary>
            <value>The floating point comparison tolerance.</value>
        </member>
        <member name="P:amp.Shared.Globals.Locale">
            <summary>
            Gets or sets the locale for the localization resources.
            </summary>
            <value>The locale for localization resources.</value>
        </member>
        <member name="P:amp.Shared.Globals.Culture">
            <summary>
            Overrides the current thread's CurrentUICulture property for all resource lookups.
            </summary>
            <value>The culture for localization.</value>
        </member>
        <member name="F:amp.Shared.Globals.Languages">
            <summary>
            The localized languages in this library.
            </summary>
        </member>
        <member name="T:amp.Shared.Interfaces.IAlbum">
            <summary>
            Am interface for the album data.
            Implements the <see cref="T:amp.Shared.Interfaces.IEntity" />
            </summary>
            <seealso cref="T:amp.Shared.Interfaces.IEntity" />
        </member>
        <member name="P:amp.Shared.Interfaces.IAlbum.AlbumName">
            <summary>
            Gets or sets the name of the album.
            </summary>
            <value>The name of the album.</value>
        </member>
        <member name="T:amp.Shared.Interfaces.IAlbumTrack`2">
            <summary>
            A link between an audio track and an album.
            Implements the <see cref="T:amp.Shared.Interfaces.IEntity" />
            </summary>
            <seealso cref="T:amp.Shared.Interfaces.IEntity" />
        </member>
        <member name="P:amp.Shared.Interfaces.IAlbumTrack`2.AlbumId">
            <summary>
            Gets or sets the album reference identifier.
            </summary>
            <value>The album reference identifier.</value>
        </member>
        <member name="P:amp.Shared.Interfaces.IAlbumTrack`2.AudioTrackId">
            <summary>
            Gets or sets the audio track reference identifier.
            </summary>
            <value>The audio track reference identifier.</value>
        </member>
        <member name="P:amp.Shared.Interfaces.IAlbumTrack`2.QueueIndex">
            <summary>
            Gets or sets the audio track index in the queue.
            </summary>
            <value>The audio track index in the queue.</value>
        </member>
        <member name="P:amp.Shared.Interfaces.IAlbumTrack`2.QueueIndexAlternate">
            <summary>
            Gets or sets the audio track index in the alternate queue.
            </summary>
            <value>The audio track index in the alternate queue.</value>
        </member>
        <member name="P:amp.Shared.Interfaces.IAlbumTrack`2.AudioTrack">
            <summary>
            Gets or sets the audio track entity.
            </summary>
            <value>The audio track entity.</value>
        </member>
        <member name="P:amp.Shared.Interfaces.IAlbumTrack`2.Album">
            <summary>
            Gets or sets the album this album audio track belongs to.
            </summary>
            <value>The album.</value>
        </member>
        <member name="T:amp.Shared.Interfaces.IAudioTrack">
            <summary>
            An interface for the audio track data in the database.
            Implements the <see cref="T:amp.Shared.Interfaces.IEntity" />
            </summary>
            <seealso cref="T:amp.Shared.Interfaces.IEntity" />
        </member>
        <member name="P:amp.Shared.Interfaces.IAudioTrack.FileName">
            <summary>
            Gets or sets the name of the file of the audio track.
            </summary>
            <value>The name of the file.</value>
        </member>
        <member name="P:amp.Shared.Interfaces.IAudioTrack.Artist">
            <summary>
            Gets or sets the name of the artist of the audio track.
            </summary>
            <value>The name of the artist.</value>
        </member>
        <member name="P:amp.Shared.Interfaces.IAudioTrack.Album">
            <summary>
            Gets or sets the album name of the audio track.
            </summary>
            <value>The album name.</value>
        </member>
        <member name="P:amp.Shared.Interfaces.IAudioTrack.Track">
            <summary>
            Gets or sets the track information of the audio track.
            </summary>
            <value>The track information.</value>
        </member>
        <member name="P:amp.Shared.Interfaces.IAudioTrack.Year">
            <summary>
            Gets or sets the release year of the audio track.
            </summary>
            <value>The release year.</value>
        </member>
        <member name="P:amp.Shared.Interfaces.IAudioTrack.Lyrics">
            <summary>
            Gets or sets the lyrics of the audio track.
            </summary>
            <value>The lyrics.</value>
        </member>
        <member name="P:amp.Shared.Interfaces.IAudioTrack.Rating">
            <summary>
            Gets or sets the rating for the audio track.
            </summary>
            <value>The rating.</value>
        </member>
        <member name="P:amp.Shared.Interfaces.IAudioTrack.FileSizeBytes">
            <summary>
            Gets or sets the file size in bytes of the audio track.
            </summary>
            <value>The file size in bytes.</value>
        </member>
        <member name="P:amp.Shared.Interfaces.IAudioTrack.PlaybackVolume">
            <summary>
            Gets or sets the playback volume of the audio track.
            </summary>
            <value>The playback volume.</value>
        </member>
        <member name="P:amp.Shared.Interfaces.IAudioTrack.OverrideName">
            <summary>
            Gets or sets the name to override the original audio track name.
            </summary>
            <value>The name to override the original audio track name.</value>
        </member>
        <member name="P:amp.Shared.Interfaces.IAudioTrack.TagFindString">
            <summary>
            Gets or sets the tag find string. E.g. the tag data in a single string.
            </summary>
            <value>The tag find string.</value>
        </member>
        <member name="P:amp.Shared.Interfaces.IAudioTrack.TagRead">
            <summary>
            Gets or sets a value indicating whether the audio track tag data has been read.
            </summary>
            <value><c>true</c> if audio track tag data has been read; otherwise, <c>false</c>.</value>
        </member>
        <member name="P:amp.Shared.Interfaces.IAudioTrack.FileNameNoPath">
            <summary>
            Gets or sets the name of the file of the audio track without the path.
            </summary>
            <value>The name of the file without the path.</value>
        </member>
        <member name="P:amp.Shared.Interfaces.IAudioTrack.Title">
            <summary>
            Gets or sets the title of the audio track.
            </summary>
            <value>The title of the audio track.</value>
        </member>
        <member name="P:amp.Shared.Interfaces.IAudioTrack.TrackImageData">
            <summary>
            Gets or sets the audio track image (cover, picture, etc) data.
            </summary>
            <value>The audio track image data.</value>
        </member>
        <member name="P:amp.Shared.Interfaces.IAudioTrack.MusicFileType">
            <summary>
            Gets or sets the type of the music file.
            </summary>
            <value>The type of the music file.</value>
        </member>
        <member name="T:amp.Shared.Interfaces.IEntity">
            <summary>
            The base interface for database entities.
            </summary>
        </member>
        <member name="P:amp.Shared.Interfaces.IEntity.ModifiedAtUtc">
            <summary>
            Gets or sets the date and time the entity was modified at UTC time zone.
            </summary>
            <value>The date and time the entity was modified at UTC.</value>
        </member>
        <member name="P:amp.Shared.Interfaces.IEntity.CreatedAtUtc">
            <summary>
            Gets or sets the date and time the entity was created at UTC time zone.
            </summary>
            <value>The date and time the entity was created at UTC.</value>
        </member>
        <member name="T:amp.Shared.Interfaces.IEntityBase`1">
            <summary>
            The base interface for different types of identity for an entity.
            </summary>
        </member>
        <member name="P:amp.Shared.Interfaces.IEntityBase`1.Id">
            <summary>
            Gets or sets the entity reference identifier.
            </summary>
            <value>The identifier.</value>
        </member>
        <member name="T:amp.Shared.Interfaces.IPlayBackStatistics">
            <summary>
            An interface for common audio track related statistics.
            </summary>
        </member>
        <member name="P:amp.Shared.Interfaces.IPlayBackStatistics.PlayedByRandomize">
            <summary>
            Gets or sets the amount the audio track was played by randomization.
            </summary>
            <value>The amount the audio track was played by randomization.</value>
        </member>
        <member name="P:amp.Shared.Interfaces.IPlayBackStatistics.PlayedByUser">
            <summary>
            Gets or sets the amount the audio track was played by the user.
            </summary>
            <value>The amount the audio track was played by the user.</value>
        </member>
        <member name="P:amp.Shared.Interfaces.IPlayBackStatistics.SkippedEarlyCount">
            <summary>
            Gets or sets the count the audio track was skipped by user interaction.
            </summary>
            <value>The skipped early count.</value>
        </member>
        <member name="T:amp.Shared.Interfaces.IQueueSnapshot">
            <summary>
            An interface for the queue snapshots.
            Implements the <see cref="T:amp.Shared.Interfaces.IEntity" />
            </summary>
            <seealso cref="T:amp.Shared.Interfaces.IEntity" />
        </member>
        <member name="P:amp.Shared.Interfaces.IQueueSnapshot.AlbumId">
            <summary>
            Gets or sets the album reference identifier.
            </summary>
            <value>The album reference identifier.</value>
        </member>
        <member name="P:amp.Shared.Interfaces.IQueueSnapshot.SnapshotName">
            <summary>
            Gets or sets the name of the snapshot.
            </summary>
            <value>The name of the snapshot.</value>
        </member>
        <member name="P:amp.Shared.Interfaces.IQueueSnapshot.SnapshotDate">
            <summary>
            Gets or sets the date and time the snapshot was taken.
            </summary>
            <value>The date and time the snapshot was taken.</value>
        </member>
        <member name="T:amp.Shared.Interfaces.IQueueTrack">
            <summary>
            An interface for the audio tracks in a queue snapshot.
            Implements the <see cref="T:amp.Shared.Interfaces.IEntity" />
            </summary>
            <seealso cref="T:amp.Shared.Interfaces.IEntity" />
        </member>
        <member name="P:amp.Shared.Interfaces.IQueueTrack.AudioTrackId">
            <summary>
            Gets or sets the audio track reference identifier.
            </summary>
            <value>The audio track reference identifier.</value>
        </member>
        <member name="P:amp.Shared.Interfaces.IQueueTrack.QueueSnapshotId">
            <summary>
            Gets or sets the queue snapshot reference identifier.
            </summary>
            <value>The queue snapshot reference identifier.</value>
        </member>
        <member name="P:amp.Shared.Interfaces.IQueueTrack.QueueIndex">
            <summary>
            Gets or sets the index of audio track in the queue.
            </summary>
            <value>The index of audio track in the queue.</value>
        </member>
        <member name="T:amp.Shared.Interfaces.IRowVersionEntity">
            <summary>
            An interface for entity with a row version column.
            </summary>
        </member>
        <member name="P:amp.Shared.Interfaces.IRowVersionEntity.RowVersion">
            <summary>
            Gets or sets the row version.
            </summary>
            <value>The row version.</value>
        </member>
        <member name="T:amp.Shared.Interfaces.ITrackStatistics">
            <summary>
            An interface for audio track playback statistics with reference identifier.
            Implements the <see cref="T:amp.Shared.Interfaces.IEntityBase`1" />
            </summary>
            <seealso cref="T:amp.Shared.Interfaces.IEntityBase`1" />
        </member>
        <member name="P:amp.Shared.Interfaces.ITrackStatistics.Rating">
            <summary>
            Gets or sets the rating for the audio track.
            </summary>
            <value>The rating.</value>
        </member>
        <member name="P:amp.Shared.Interfaces.ITrackStatistics.PlayedByRandomize">
            <summary>
            Gets or sets the amount the audio track was played by randomization.
            </summary>
            <value>The amount the audio track was played by randomization.</value>
        </member>
        <member name="P:amp.Shared.Interfaces.ITrackStatistics.PlayedByUser">
            <summary>
            Gets or sets the amount the audio track was played by the user.
            </summary>
            <value>The amount the audio track was played by the user.</value>
        </member>
        <member name="P:amp.Shared.Interfaces.ITrackStatistics.SkippedEarlyCount">
            <summary>
            Gets or sets the count the audio track was skipped by user interaction.
            </summary>
            <value>The skipped early count.</value>
        </member>
        <member name="T:amp.Shared.Localization.EtoForms">
            <summary>
              A strongly-typed resource class, for looking up localized strings, etc.
            </summary>
        </member>
        <member name="P:amp.Shared.Localization.EtoForms.ResourceManager">
            <summary>
              Returns the cached ResourceManager instance used by this class.
            </summary>
        </member>
        <member name="P:amp.Shared.Localization.EtoForms.Culture">
            <summary>
              Overrides the current thread's CurrentUICulture property for all
              resource lookups using this strongly typed resource class.
            </summary>
        </member>
        <member name="P:amp.Shared.Localization.EtoForms.About">
            <summary>
              Looks up a localized string similar to About.
            </summary>
        </member>
        <member name="P:amp.Shared.Localization.EtoForms.File">
            <summary>
              Looks up a localized string similar to &amp;File.
            </summary>
        </member>
        <member name="P:amp.Shared.Localization.EtoForms.Help">
            <summary>
              Looks up a localized string similar to &amp;Help.
            </summary>
        </member>
        <member name="T:amp.Shared.Localization.Mac">
            <summary>
              A strongly-typed resource class, for looking up localized strings, etc.
            </summary>
        </member>
        <member name="P:amp.Shared.Localization.Mac.ResourceManager">
            <summary>
              Returns the cached ResourceManager instance used by this class.
            </summary>
        </member>
        <member name="P:amp.Shared.Localization.Mac.Culture">
            <summary>
              Overrides the current thread's CurrentUICulture property for all
              resource lookups using this strongly typed resource class.
            </summary>
        </member>
        <member name="P:amp.Shared.Localization.Mac.BringAllToFront">
            <summary>
              Looks up a localized string similar to Bring All To Front.
            </summary>
        </member>
        <member name="P:amp.Shared.Localization.Mac.EnterFullScreen">
            <summary>
              Looks up a localized string similar to Enter Full Screen.
            </summary>
        </member>
        <member name="P:amp.Shared.Localization.Mac.HideAmpEtoForms">
            <summary>
              Looks up a localized string similar to Hide amp#.
            </summary>
        </member>
        <member name="P:amp.Shared.Localization.Mac.HideOthers">
            <summary>
              Looks up a localized string similar to Hide Others.
            </summary>
        </member>
        <member name="P:amp.Shared.Localization.Mac.HidesAllOtherApplicationWindows">
            <summary>
              Looks up a localized string similar to Hides all other application windows.
            </summary>
        </member>
        <member name="P:amp.Shared.Localization.Mac.HidesTheMainAmpEtoFormsWindow">
            <summary>
              Looks up a localized string similar to Hides the main amp.EtoForms window.
            </summary>
        </member>
        <member name="P:amp.Shared.Localization.Mac.PasteAndMatchStyle">
            <summary>
              Looks up a localized string similar to Paste and Match Style.
            </summary>
        </member>
        <member name="P:amp.Shared.Localization.Mac.ShowAll">
            <summary>
              Looks up a localized string similar to Show All.
            </summary>
        </member>
        <member name="P:amp.Shared.Localization.Mac.ShowAllWindows">
            <summary>
              Looks up a localized string similar to Show All Windows.
            </summary>
        </member>
        <member name="T:amp.Shared.Localization.Messages">
            <summary>
              A strongly-typed resource class, for looking up localized strings, etc.
            </summary>
        </member>
        <member name="P:amp.Shared.Localization.Messages.ResourceManager">
            <summary>
              Returns the cached ResourceManager instance used by this class.
            </summary>
        </member>
        <member name="P:amp.Shared.Localization.Messages.Culture">
            <summary>
              Overrides the current thread's CurrentUICulture property for all
              resource lookups using this strongly typed resource class.
            </summary>
        </member>
        <member name="P:amp.Shared.Localization.Messages.AlbumNameCanNotBeAnEmptyString">
            <summary>
              Looks up a localized string similar to Album name can not be an empty string..
            </summary>
        </member>
        <member name="P:amp.Shared.Localization.Messages.Confirmation">
            <summary>
              Looks up a localized string similar to Confirmation.
            </summary>
        </member>
        <member name="P:amp.Shared.Localization.Messages.ConversionStatistics">
            <summary>
              Looks up a localized string similar to {0}{1} tracks, {2} albums, {3} album entries and {4} queue snapshot entries will be converted..
            </summary>
        </member>
        <member name="P:amp.Shared.Localization.Messages.ConvertDatabase">
            <summary>
              Looks up a localized string similar to Convert database.
            </summary>
        </member>
        <member name="P:amp.Shared.Localization.Messages.DoYouWantToConvertTheOldDatabaseIntoTheNewFormatTheOperationMightTakeFewMinutes">
            <summary>
              Looks up a localized string similar to Do you want to convert the old database into the new format? The operation might take few minutes..
            </summary>
        </member>
        <member name="P:amp.Shared.Localization.Messages.File0WasNotFound">
            <summary>
              Looks up a localized string similar to File &apos;{0}&apos; was not found..
            </summary>
        </member>
        <member name="P:amp.Shared.Localization.Messages.LoadingPercentage">
            <summary>
              Looks up a localized string similar to Loading {0:F1} %.
            </summary>
        </member>
        <member name="P:amp.Shared.Localization.Messages.Notification">
            <summary>
              Looks up a localized string similar to Notification.
            </summary>
        </member>
        <member name="P:amp.Shared.Localization.Messages.SaveTheTagChangedThisWillModifyTheActualAudioFile">
            <summary>
              Looks up a localized string similar to Save the tag changes? This will modify the actual audio file..
            </summary>
        </member>
        <member name="P:amp.Shared.Localization.Messages.TheDefaultAlbumCanNotBeRemovedOnlyRenamingIsPossible">
            <summary>
              Looks up a localized string similar to The default album can not be removed. Only renaming is possible..
            </summary>
        </member>
        <member name="P:amp.Shared.Localization.Messages.Untitled">
            <summary>
              Looks up a localized string similar to Untitled.
            </summary>
        </member>
        <member name="T:amp.Shared.Localization.Settings">
            <summary>
              A strongly-typed resource class, for looking up localized strings, etc.
            </summary>
        </member>
        <member name="P:amp.Shared.Localization.Settings.ResourceManager">
            <summary>
              Returns the cached ResourceManager instance used by this class.
            </summary>
        </member>
        <member name="P:amp.Shared.Localization.Settings.Culture">
            <summary>
              Overrides the current thread's CurrentUICulture property for all
              resource lookups using this strongly typed resource class.
            </summary>
        </member>
        <member name="P:amp.Shared.Localization.Settings.AutoHideAlbumImageWindow">
            <summary>
              Looks up a localized string similar to Auto-hide album image window.
            </summary>
        </member>
        <member name="P:amp.Shared.Localization.Settings.CheckForUpdatesUponStartup">
            <summary>
              Looks up a localized string similar to Check for updates upon startup.
            </summary>
        </member>
        <member name="P:amp.Shared.Localization.Settings.Common">
            <summary>
              Looks up a localized string similar to Common.
            </summary>
        </member>
        <member name="P:amp.Shared.Localization.Settings.DecreaseVolumeOnQuietHoursBy">
            <summary>
              Looks up a localized string similar to Decrease volume on quiet hours by.
            </summary>
        </member>
        <member name="P:amp.Shared.Localization.Settings.Defaults">
            <summary>
              Looks up a localized string similar to Defaults.
            </summary>
        </member>
        <member name="P:amp.Shared.Localization.Settings.DisplayPlaylistColumnHeaders">
            <summary>
              Looks up a localized string similar to Display playlist column headers.
            </summary>
        </member>
        <member name="P:amp.Shared.Localization.Settings.EnableQuietHours">
            <summary>
              Looks up a localized string similar to Enable quiet hours.
            </summary>
        </member>
        <member name="P:amp.Shared.Localization.Settings.LanguageRequiresRestart">
            <summary>
              Looks up a localized string similar to Language (requires restart).
            </summary>
        </member>
        <member name="P:amp.Shared.Localization.Settings.ModifiedRandom">
            <summary>
              Looks up a localized string similar to Modified random.
            </summary>
        </member>
        <member name="P:amp.Shared.Localization.Settings.PauseOnQuietHours">
            <summary>
              Looks up a localized string similar to Pause on quiet hours.
            </summary>
        </member>
        <member name="P:amp.Shared.Localization.Settings.Percentage">
            <summary>
              Looks up a localized string similar to percentage.
            </summary>
        </member>
        <member name="P:amp.Shared.Localization.Settings.PlayedCount">
            <summary>
              Looks up a localized string similar to Played count.
            </summary>
        </member>
        <member name="P:amp.Shared.Localization.Settings.RandomizedCount">
            <summary>
              Looks up a localized string similar to Randomized count.
            </summary>
        </member>
        <member name="P:amp.Shared.Localization.Settings.RandomizeStackFromTopBy">
            <summary>
              Looks up a localized string similar to Randomize stack from top by.
            </summary>
        </member>
        <member name="P:amp.Shared.Localization.Settings.SettingsLower">
            <summary>
              Looks up a localized string similar to settings.
            </summary>
        </member>
        <member name="P:amp.Shared.Localization.Settings.SkippedCount">
            <summary>
              Looks up a localized string similar to Skipped count.
            </summary>
        </member>
        <member name="P:amp.Shared.Localization.Settings.StackQueue">
            <summary>
              Looks up a localized string similar to Stack queue.
            </summary>
        </member>
        <member name="P:amp.Shared.Localization.Settings.Tolerance">
            <summary>
              Looks up a localized string similar to Tolerance (%).
            </summary>
        </member>
        <member name="P:amp.Shared.Localization.Settings.WeightedRandomizationEnabled">
            <summary>
              Looks up a localized string similar to Weighted randomization enabled.
            </summary>
        </member>
        <member name="T:amp.Shared.Localization.UI">
            <summary>
              A strongly-typed resource class, for looking up localized strings, etc.
            </summary>
        </member>
        <member name="P:amp.Shared.Localization.UI.ResourceManager">
            <summary>
              Returns the cached ResourceManager instance used by this class.
            </summary>
        </member>
        <member name="P:amp.Shared.Localization.UI.Culture">
            <summary>
              Overrides the current thread's CurrentUICulture property for all
              resource lookups using this strongly typed resource class.
            </summary>
        </member>
        <member name="P:amp.Shared.Localization.UI._">
            <summary>
              Looks up a localized string similar to -.
            </summary>
        </member>
        <member name="P:amp.Shared.Localization.UI.About">
            <summary>
              Looks up a localized string similar to About.
            </summary>
        </member>
        <member name="P:amp.Shared.Localization.UI.AddFiles">
            <summary>
              Looks up a localized string similar to Add files....
            </summary>
        </member>
        <member name="P:amp.Shared.Localization.UI.AddFilesToAlbum">
            <summary>
              Looks up a localized string similar to Add files to album....
            </summary>
        </member>
        <member name="P:amp.Shared.Localization.UI.AddFolderContents">
            <summary>
              Looks up a localized string similar to Add folder contents....
            </summary>
        </member>
        <member name="P:amp.Shared.Localization.UI.AddFolderContentsToAlbum">
            <summary>
              Looks up a localized string similar to Add folder contents to album....
            </summary>
        </member>
        <member name="P:amp.Shared.Localization.UI.AddMusic">
            <summary>
              Looks up a localized string similar to Add music....
            </summary>
        </member>
        <member name="P:amp.Shared.Localization.UI.AddMusicFiles">
            <summary>
              Looks up a localized string similar to Add music files....
            </summary>
        </member>
        <member name="P:amp.Shared.Localization.UI.AddMusicToAlbum0">
            <summary>
              Looks up a localized string similar to Add music to album: &apos;{0}&apos;....
            </summary>
        </member>
        <member name="P:amp.Shared.Localization.UI.AddNewAlbum">
            <summary>
              Looks up a localized string similar to Add new album.
            </summary>
        </member>
        <member name="P:amp.Shared.Localization.UI.Album">
            <summary>
              Looks up a localized string similar to Album.
            </summary>
        </member>
        <member name="P:amp.Shared.Localization.UI.AlbumArtist">
            <summary>
              Looks up a localized string similar to Album artist.
            </summary>
        </member>
        <member name="P:amp.Shared.Localization.UI.AlbumEntries">
            <summary>
              Looks up a localized string similar to Album entries.
            </summary>
        </member>
        <member name="P:amp.Shared.Localization.UI.AlbumName">
            <summary>
              Looks up a localized string similar to Album name.
            </summary>
        </member>
        <member name="P:amp.Shared.Localization.UI.Albums">
            <summary>
              Looks up a localized string similar to Albums.
            </summary>
        </member>
        <member name="P:amp.Shared.Localization.UI.AppendToQueue">
            <summary>
              Looks up a localized string similar to Append to queue.
            </summary>
        </member>
        <member name="P:amp.Shared.Localization.UI.Artist">
            <summary>
              Looks up a localized string similar to Artist.
            </summary>
        </member>
        <member name="P:amp.Shared.Localization.UI.AudioChannels">
            <summary>
              Looks up a localized string similar to Audio channels.
            </summary>
        </member>
        <member name="P:amp.Shared.Localization.UI.AudioFormat">
            <summary>
              Looks up a localized string similar to Audio format.
            </summary>
        </member>
        <member name="P:amp.Shared.Localization.UI.BitRate">
            <summary>
              Looks up a localized string similar to Bit rate.
            </summary>
        </member>
        <member name="P:amp.Shared.Localization.UI.Cancel">
            <summary>
              Looks up a localized string similar to Cancel.
            </summary>
        </member>
        <member name="P:amp.Shared.Localization.UI.ClearQueue">
            <summary>
              Looks up a localized string similar to Clear queue.
            </summary>
        </member>
        <member name="P:amp.Shared.Localization.UI.Close">
            <summary>
              Looks up a localized string similar to Close.
            </summary>
        </member>
        <member name="P:amp.Shared.Localization.UI.ColonDelimiter">
            <summary>
              Looks up a localized string similar to :.
            </summary>
        </member>
        <member name="P:amp.Shared.Localization.UI.Comment">
            <summary>
              Looks up a localized string similar to Comment.
            </summary>
        </member>
        <member name="P:amp.Shared.Localization.UI.Conductor">
            <summary>
              Looks up a localized string similar to Conductor.
            </summary>
        </member>
        <member name="P:amp.Shared.Localization.UI.Copy">
            <summary>
              Looks up a localized string similar to Copy.
            </summary>
        </member>
        <member name="P:amp.Shared.Localization.UI.CopyAmpDataToTag">
            <summary>
              Looks up a localized string similar to Copy amp# data to tag.
            </summary>
        </member>
        <member name="P:amp.Shared.Localization.UI.Copyright">
            <summary>
              Looks up a localized string similar to Copyright.
            </summary>
        </member>
        <member name="P:amp.Shared.Localization.UI.CopyTagDataToAmp">
            <summary>
              Looks up a localized string similar to Copy tag data to amp#.
            </summary>
        </member>
        <member name="P:amp.Shared.Localization.UI.CopyTrackFilesToFolder">
            <summary>
              Looks up a localized string similar to Copy track files to folder....
            </summary>
        </member>
        <member name="P:amp.Shared.Localization.UI.Cut">
            <summary>
              Looks up a localized string similar to Cut.
            </summary>
        </member>
        <member name="P:amp.Shared.Localization.UI.DatabaseConversion">
            <summary>
              Looks up a localized string similar to Database conversion.
            </summary>
        </member>
        <member name="P:amp.Shared.Localization.UI.DatabaseUpdated">
            <summary>
              Looks up a localized string similar to Database updated.
            </summary>
        </member>
        <member name="P:amp.Shared.Localization.UI.DefaultAlbumName">
            <summary>
              Looks up a localized string similar to Default.
            </summary>
        </member>
        <member name="P:amp.Shared.Localization.UI.Delete">
            <summary>
              Looks up a localized string similar to Delete.
            </summary>
        </member>
        <member name="P:amp.Shared.Localization.UI.DeleteAlbum">
            <summary>
              Looks up a localized string similar to Delete album.
            </summary>
        </member>
        <member name="P:amp.Shared.Localization.UI.DeleteSavedQueue">
            <summary>
              Looks up a localized string similar to Delete saved queue.
            </summary>
        </member>
        <member name="P:amp.Shared.Localization.UI.DirectoriesCrawled">
            <summary>
              Looks up a localized string similar to Directories searched.
            </summary>
        </member>
        <member name="P:amp.Shared.Localization.UI.Duration">
            <summary>
              Looks up a localized string similar to Duration.
            </summary>
        </member>
        <member name="P:amp.Shared.Localization.UI.Edit">
            <summary>
              Looks up a localized string similar to &amp;Edit.
            </summary>
        </member>
        <member name="P:amp.Shared.Localization.UI.EditTheQueueTracks">
            <summary>
              Looks up a localized string similar to Edit the queue tracks.
            </summary>
        </member>
        <member name="P:amp.Shared.Localization.UI.FileDataAmp">
            <summary>
              Looks up a localized string similar to File data (amp#).
            </summary>
        </member>
        <member name="P:amp.Shared.Localization.UI.FileDataTag">
            <summary>
              Looks up a localized string similar to File data (tag).
            </summary>
        </member>
        <member name="P:amp.Shared.Localization.UI.FileName">
            <summary>
              Looks up a localized string similar to File name.
            </summary>
        </member>
        <member name="P:amp.Shared.Localization.UI.FilesFound">
            <summary>
              Looks up a localized string similar to Files found.
            </summary>
        </member>
        <member name="P:amp.Shared.Localization.UI.FileSizeBytes">
            <summary>
              Looks up a localized string similar to File size (bytes).
            </summary>
        </member>
        <member name="P:amp.Shared.Localization.UI.FormulaInstructions">
             <summary>
               Looks up a localized string similar to 
            Formula types:
            {@Ar} Artist
            {@Al} Album
            {@Tn} Track number
            {@Tl} Title
            {@R} Renamed title
            {@F} File name without the extension
            
            Any text placed inside a formula part is included in the
            result if the actual variable e.g. Artist exists. ({@Ar /})..
             </summary>
        </member>
        <member name="P:amp.Shared.Localization.UI.FullFileName">
            <summary>
              Looks up a localized string similar to Full file name.
            </summary>
        </member>
        <member name="P:amp.Shared.Localization.UI.Genre">
            <summary>
              Looks up a localized string similar to Genre.
            </summary>
        </member>
        <member name="P:amp.Shared.Localization.UI.Hide">
            <summary>
              Looks up a localized string similar to Hide.
            </summary>
        </member>
        <member name="P:amp.Shared.Localization.UI.IfGeneratedNameContainsNoLettersFallBackToFileName">
            <summary>
              Looks up a localized string similar to If generated name contains no letters, fall back to file name.
            </summary>
        </member>
        <member name="P:amp.Shared.Localization.UI.ImageFiles">
            <summary>
              Looks up a localized string similar to Image files.
            </summary>
        </member>
        <member name="P:amp.Shared.Localization.UI.LoadImageFromFile">
            <summary>
              Looks up a localized string similar to Load image from file.
            </summary>
        </member>
        <member name="P:amp.Shared.Localization.UI.Loading0Percentage">
            <summary>
              Looks up a localized string similar to Loading {0} percentage....
            </summary>
        </member>
        <member name="P:amp.Shared.Localization.UI.LoadQueue">
            <summary>
              Looks up a localized string similar to Load queue.
            </summary>
        </member>
        <member name="P:amp.Shared.Localization.UI.Lyrics">
            <summary>
              Looks up a localized string similar to Lyrics.
            </summary>
        </member>
        <member name="P:amp.Shared.Localization.UI.Minimize">
            <summary>
              Looks up a localized string similar to Minimize.
            </summary>
        </member>
        <member name="P:amp.Shared.Localization.UI.MinimumNameLength">
            <summary>
              Looks up a localized string similar to Minimum name length.
            </summary>
        </member>
        <member name="P:amp.Shared.Localization.UI.ModifyQueue">
            <summary>
              Looks up a localized string similar to Modify queue.
            </summary>
        </member>
        <member name="P:amp.Shared.Localization.UI.MoveDownwardsInQueue">
            <summary>
              Looks up a localized string similar to Move downwards in queue.
            </summary>
        </member>
        <member name="P:amp.Shared.Localization.UI.MoveUpwardsInQueue">
            <summary>
              Looks up a localized string similar to Move upwards in queue.
            </summary>
        </member>
        <member name="P:amp.Shared.Localization.UI.MusicFiles">
            <summary>
              Looks up a localized string similar to Music files.
            </summary>
        </member>
        <member name="P:amp.Shared.Localization.UI.NoOfNo">
            <summary>
              Looks up a localized string similar to {0} / {1}.
            </summary>
        </member>
        <member name="P:amp.Shared.Localization.UI.OK">
            <summary>
              Looks up a localized string similar to OK.
            </summary>
        </member>
        <member name="P:amp.Shared.Localization.UI.OriginalArtist">
            <summary>
              Looks up a localized string similar to Original artist.
            </summary>
        </member>
        <member name="P:amp.Shared.Localization.UI.PageSetup">
            <summary>
              Looks up a localized string similar to Page Setup....
            </summary>
        </member>
        <member name="P:amp.Shared.Localization.UI.Paste">
            <summary>
              Looks up a localized string similar to Paste.
            </summary>
        </member>
        <member name="P:amp.Shared.Localization.UI.Play">
            <summary>
              Looks up a localized string similar to Play.
            </summary>
        </member>
        <member name="P:amp.Shared.Localization.UI.PlaybackError0">
            <summary>
              Looks up a localized string similar to Playback error: &apos;{0}&apos;..
            </summary>
        </member>
        <member name="P:amp.Shared.Localization.UI.Print">
            <summary>
              Looks up a localized string similar to Print....
            </summary>
        </member>
        <member name="P:amp.Shared.Localization.UI.Queue">
            <summary>
              Looks up a localized string similar to Queue.
            </summary>
        </member>
        <member name="P:amp.Shared.Localization.UI.QueueCount">
            <summary>
              Looks up a localized string similar to Queue count.
            </summary>
        </member>
        <member name="P:amp.Shared.Localization.UI.QueueCreated">
            <summary>
              Looks up a localized string similar to Queue created.
            </summary>
        </member>
        <member name="P:amp.Shared.Localization.UI.QueueEntries">
            <summary>
              Looks up a localized string similar to Queue entries.
            </summary>
        </member>
        <member name="P:amp.Shared.Localization.UI.QueueName">
            <summary>
              Looks up a localized string similar to Queue name.
            </summary>
        </member>
        <member name="P:amp.Shared.Localization.UI.QueueShort">
            <summary>
              Looks up a localized string similar to Q.
            </summary>
        </member>
        <member name="P:amp.Shared.Localization.UI.Quit">
            <summary>
              Looks up a localized string similar to Quit.
            </summary>
        </member>
        <member name="P:amp.Shared.Localization.UI.Rating">
            <summary>
              Looks up a localized string similar to Rating.
            </summary>
        </member>
        <member name="P:amp.Shared.Localization.UI.Redo">
            <summary>
              Looks up a localized string similar to Redo.
            </summary>
        </member>
        <member name="P:amp.Shared.Localization.UI.RemoveTrackImage">
            <summary>
              Looks up a localized string similar to Remove track image.
            </summary>
        </member>
        <member name="P:amp.Shared.Localization.UI.RenamedTrackNamingFormula">
            <summary>
              Looks up a localized string similar to Renamed track naming formula.
            </summary>
        </member>
        <member name="P:amp.Shared.Localization.UI.RetryCountOnPlaybackFailure">
            <summary>
              Looks up a localized string similar to Retry count on playback failure.
            </summary>
        </member>
        <member name="P:amp.Shared.Localization.UI.SampleRate">
            <summary>
              Looks up a localized string similar to Sample rate.
            </summary>
        </member>
        <member name="P:amp.Shared.Localization.UI.SaveActiveTabChanges">
            <summary>
              Looks up a localized string similar to Save active tab changes.
            </summary>
        </member>
        <member name="P:amp.Shared.Localization.UI.SaveClose">
            <summary>
              Looks up a localized string similar to Save &amp;&amp; Close.
            </summary>
        </member>
        <member name="P:amp.Shared.Localization.UI.SaveCurrentQueue">
            <summary>
              Looks up a localized string similar to Save current queue.
            </summary>
        </member>
        <member name="P:amp.Shared.Localization.UI.SavedQueues">
            <summary>
              Looks up a localized string similar to Saved queues.
            </summary>
        </member>
        <member name="P:amp.Shared.Localization.UI.SaveFailed">
            <summary>
              Looks up a localized string similar to Save failed.
            </summary>
        </member>
        <member name="P:amp.Shared.Localization.UI.ScrambleQueue">
            <summary>
              Looks up a localized string similar to Scramble queue.
            </summary>
        </member>
        <member name="P:amp.Shared.Localization.UI.SelectAll">
            <summary>
              Looks up a localized string similar to Select All.
            </summary>
        </member>
        <member name="P:amp.Shared.Localization.UI.SelectDestinationDirectory">
            <summary>
              Looks up a localized string similar to Select destination directory.
            </summary>
        </member>
        <member name="P:amp.Shared.Localization.UI.SelectMusicFolder">
            <summary>
              Looks up a localized string similar to Select music folder....
            </summary>
        </member>
        <member name="P:amp.Shared.Localization.UI.Settings">
            <summary>
              Looks up a localized string similar to Settings.
            </summary>
        </member>
        <member name="P:amp.Shared.Localization.UI.ShowQueue">
            <summary>
              Looks up a localized string similar to Show queue.
            </summary>
        </member>
        <member name="P:amp.Shared.Localization.UI.SoundRating">
            <summary>
              Looks up a localized string similar to Sound &amp;&amp; rating.
            </summary>
        </member>
        <member name="P:amp.Shared.Localization.UI.StarChar">
            <summary>
              Looks up a localized string similar to *.
            </summary>
        </member>
        <member name="P:amp.Shared.Localization.UI.Stars">
            <summary>
              Looks up a localized string similar to Stars.
            </summary>
        </member>
        <member name="P:amp.Shared.Localization.UI.TagSaveFailed">
            <summary>
              Looks up a localized string similar to Tag save failed..
            </summary>
        </member>
        <member name="P:amp.Shared.Localization.UI.TestStuff">
            <summary>
              Looks up a localized string similar to Test stuff.
            </summary>
        </member>
        <member name="P:amp.Shared.Localization.UI.TimeEstimateReady">
            <summary>
              Looks up a localized string similar to Time estimate (ready).
            </summary>
        </member>
        <member name="P:amp.Shared.Localization.UI.Title">
            <summary>
              Looks up a localized string similar to Title.
            </summary>
        </member>
        <member name="P:amp.Shared.Localization.UI.Total">
            <summary>
              Looks up a localized string similar to Total.
            </summary>
        </member>
        <member name="P:amp.Shared.Localization.UI.TotalPercentage">
            <summary>
              Looks up a localized string similar to Total percentage (%).
            </summary>
        </member>
        <member name="P:amp.Shared.Localization.UI.Track">
            <summary>
              Looks up a localized string similar to Track.
            </summary>
        </member>
        <member name="P:amp.Shared.Localization.UI.TrackInformation">
            <summary>
              Looks up a localized string similar to Track information.
            </summary>
        </member>
        <member name="P:amp.Shared.Localization.UI.TrackNaming">
            <summary>
              Looks up a localized string similar to Track naming.
            </summary>
        </member>
        <member name="P:amp.Shared.Localization.UI.TrackNamingFormula">
            <summary>
              Looks up a localized string similar to Track naming formula.
            </summary>
        </member>
        <member name="P:amp.Shared.Localization.UI.TrackNumber">
            <summary>
              Looks up a localized string similar to Track number.
            </summary>
        </member>
        <member name="P:amp.Shared.Localization.UI.Tracks">
            <summary>
              Looks up a localized string similar to Tracks.
            </summary>
        </member>
        <member name="P:amp.Shared.Localization.UI.TracksAddedToAlbum">
            <summary>
              Looks up a localized string similar to Tracks added to album.
            </summary>
        </member>
        <member name="P:amp.Shared.Localization.UI.TrackTotal">
            <summary>
              Looks up a localized string similar to Track total.
            </summary>
        </member>
        <member name="P:amp.Shared.Localization.UI.TrackVolume">
            <summary>
              Looks up a localized string similar to AudioTrack volume.
            </summary>
        </member>
        <member name="P:amp.Shared.Localization.UI.Undo">
            <summary>
              Looks up a localized string similar to Undo.
            </summary>
        </member>
        <member name="P:amp.Shared.Localization.UI.Volume">
            <summary>
              Looks up a localized string similar to Volume.
            </summary>
        </member>
        <member name="P:amp.Shared.Localization.UI.Window">
            <summary>
              Looks up a localized string similar to &amp;Window.
            </summary>
        </member>
        <member name="P:amp.Shared.Localization.UI.Year">
            <summary>
              Looks up a localized string similar to Year.
            </summary>
        </member>
        <member name="P:amp.Shared.Localization.UI.Zoom">
            <summary>
              Looks up a localized string similar to Zoom.
            </summary>
        </member>
    </members>
</doc>
