<?xml version="1.0"?>
<doc>
    <assembly>
        <name>EtoForms.Controls.Custom</name>
    </assembly>
    <members>
        <member name="T:EtoForms.Controls.Custom.CheckedButton">
            <summary>
            A <see cref="T:Eto.Forms.Button"/> control descendant to act as a check button.
            Implements the <see cref="T:Eto.Forms.Button" />
            </summary>
            <seealso cref="T:Eto.Forms.Button" />
        </member>
        <member name="M:EtoForms.Controls.Custom.CheckedButton.#ctor">
            <summary>
            Initializes a new instance of the <see cref="T:EtoForms.Controls.Custom.CheckedButton"/> class.
            </summary>
        </member>
        <member name="M:EtoForms.Controls.Custom.CheckedButton.#ctor(System.Byte[],Eto.Drawing.Color,Eto.Drawing.Color,Eto.Drawing.Size,System.Boolean)">
            <summary>
            Initializes a new instance of the <see cref="T:EtoForms.Controls.Custom.CheckedButton"/> class.
            </summary>
            <param name="image">The SVG image to use both checked and unchecked states.</param>
            <param name="checkedImageColor">Color of the image when button is checked.</param>
            <param name="uncheckedImageColor">Color of the image when the button is unchecked.</param>
            <param name="size">The size of the button.</param>
            <param name="checked">if set to <c>true</c> the initial button state is checked.</param>
        </member>
        <member name="M:EtoForms.Controls.Custom.CheckedButton.#ctor(System.Byte[],System.Byte[],Eto.Drawing.Color,Eto.Drawing.Color,Eto.Drawing.Size,System.Boolean)">
            <summary>
            Initializes a new instance of the <see cref="T:EtoForms.Controls.Custom.CheckedButton"/> class.
            </summary>
            <param name="checkedSvgImage">The SVG image to used to indicate the checked state.</param>
            <param name="uncheckedSvgImage">The SVG image to used to indicate the unchecked state.</param>
            <param name="checkedImageColor">Color of the image when button is checked.</param>
            <param name="uncheckedImageColor">Color of the image when the button is unchecked.</param>
            <param name="size">The size of the button.</param>
            <param name="checked">if set to <c>true</c> the initial button state is checked.</param>
        </member>
        <member name="M:EtoForms.Controls.Custom.CheckedButton.#ctor(System.EventHandler{EtoForms.Controls.Custom.EventArguments.CheckedChangeEventArguments})">
            <summary>
            Initializes a new instance of the <see cref="T:EtoForms.Controls.Custom.CheckedButton"/> class.
            </summary>
            <param name="checkedChange">Delegate to handle when the button <see cref="P:EtoForms.Controls.Custom.CheckedButton.Checked"/> status is changed.</param>
            <remarks>This is a convenience constructor to set up the click event.</remarks>
        </member>
        <member name="E:EtoForms.Controls.Custom.CheckedButton.CheckedChange">
            <summary>
            Occurs when the value of the  [checked change].
            </summary>
        </member>
        <member name="P:EtoForms.Controls.Custom.CheckedButton.Checked">
            <summary>
            Gets or sets a value indicating whether this <see cref="T:EtoForms.Controls.Custom.CheckedButton"/> is checked.
            </summary>
            <value><c>true</c> if checked; otherwise, <c>false</c>.</value>
        </member>
        <member name="P:EtoForms.Controls.Custom.CheckedButton.ImagePadding">
            <summary>
            Gets or sets the image padding in pixels compared to the button size.
            </summary>
            <value>The image padding.</value>
        </member>
        <member name="P:EtoForms.Controls.Custom.CheckedButton.CheckedImageColor">
            <summary>
            Gets or sets the color of the checked image.
            </summary>
            <value>The color of the checked image.</value>
        </member>
        <member name="P:EtoForms.Controls.Custom.CheckedButton.UncheckedImageColor">
            <summary>
            Gets or sets the color of the unchecked image.
            </summary>
            <value>The color of the unchecked image.</value>
        </member>
        <member name="P:EtoForms.Controls.Custom.CheckedButton.CheckedSvgImage">
            <summary>
            Gets or sets the checked SVG image.
            </summary>
            <value>The checked SVG image.</value>
        </member>
        <member name="P:EtoForms.Controls.Custom.CheckedButton.UncheckedSvgImage">
            <summary>
            Gets or sets the unchecked SVG image.
            </summary>
            <value>The unchecked SVG image.</value>
        </member>
        <member name="T:EtoForms.Controls.Custom.Drawing.SvgColorizeUtil">
            <summary>
            A class to change colors of a SVG image.
            </summary>
        </member>
        <member name="P:EtoForms.Controls.Custom.Drawing.SvgColorizeUtil.SvgColor">
            <summary>
            Gets or sets the color for the SVG colorization.
            </summary>
            <value>The color for the SVG colorization.</value>
        </member>
        <member name="M:EtoForms.Controls.Custom.Drawing.SvgColorizeUtil.ColorizeSvg(EtoForms.Controls.Custom.SvgColorization.SvgColorize)">
            <summary>
            Colorizes the SVG specified by the <see cref="P:EtoForms.Controls.Custom.Drawing.SvgColorizeUtil.SvgColor"/> property.
            </summary>
            <param name="svgDocument">The SVG document.</param>
            <returns>A new instance of the <see cref="T:EtoForms.Controls.Custom.SvgColorization.SvgColorize"/> colorized with the <see cref="P:EtoForms.Controls.Custom.Drawing.SvgColorizeUtil.SvgColor"/> color.</returns>
        </member>
        <member name="M:EtoForms.Controls.Custom.Drawing.SvgColorizeUtil.FromBytes(System.Byte[])">
            <summary>
            Generates a SVG image from specified byte array.
            </summary>
            <param name="imageData">The image data.</param>
            <returns>An instance to a <see cref="T:EtoForms.Controls.Custom.SvgColorization.SvgColorize"/> class.</returns>
        </member>
        <member name="T:EtoForms.Controls.Custom.EventArguments.CheckedChangeEventArguments">
            <summary>
            Event arguments for checked value change event.
            Implements the <see cref="T:System.EventArgs" />
            </summary>
            <seealso cref="T:System.EventArgs" />
        </member>
        <member name="P:EtoForms.Controls.Custom.EventArguments.CheckedChangeEventArguments.Checked">
            <summary>
            Gets or sets a value indicating whether the control is checked.
            </summary>
            <value><c>true</c> if checked; otherwise, <c>false</c>.</value>
        </member>
        <member name="P:EtoForms.Controls.Custom.EventArguments.CheckedChangeEventArguments.Cancel">
            <summary>
            Gets or sets a value indicating whether to cancel the checked state change.
            </summary>
            <value><c>true</c> if to cancel the checked state change; otherwise, <c>false</c>.</value>
        </member>
        <member name="T:EtoForms.Controls.Custom.EventArguments.ValueChangedEventArgs">
            <summary>
            Event arguments for an event where a <see cref="T:System.Double"/> value has been changed.
            Implements the <see cref="T:System.EventArgs" />
            </summary>
            <seealso cref="T:System.EventArgs" />
        </member>
        <member name="P:EtoForms.Controls.Custom.EventArguments.ValueChangedEventArgs.Value">
            <summary>
            Gets or sets the value.
            </summary>
            <value>The value.</value>
        </member>
        <member name="T:EtoForms.Controls.Custom.Globals">
            <summary>
            A class containing the global static parameters.
            </summary>
        </member>
        <member name="P:EtoForms.Controls.Custom.Globals.Font">
            <summary>
            Gets or sets the <see cref="P:EtoForms.Controls.Custom.Globals.Font"/> to use with the controls of this library.
            </summary>
            <value>The font.</value>
        </member>
        <member name="P:EtoForms.Controls.Custom.Globals.FloatingPointTolerance">
            <summary>
            Gets or sets the floating point comparison tolerance.
            </summary>
            <value>The floating point comparison tolerance.</value>
        </member>
        <member name="P:EtoForms.Controls.Custom.Globals.FloatingPointSingleTolerance">
            <summary>
            Gets or sets the floating point comparison tolerance for the single-precision floating point values.
            </summary>
            <value>The floating point comparison tolerance.</value>
        </member>
        <member name="P:EtoForms.Controls.Custom.Globals.OkButtonText">
            <summary>
            Gets or sets the localized OK button text.
            </summary>
            <value>The localized OK button text.</value>
        </member>
        <member name="P:EtoForms.Controls.Custom.Globals.CancelButtonText">
            <summary>
            Gets or sets the localized cancel button text.
            </summary>
            <value>The localized cancel button text.</value>
        </member>
        <member name="T:EtoForms.Controls.Custom.Helpers.GridViewExtensions">
            <summary>
            Extensions for the <see cref="T:Eto.Forms.GridView"/> class.
            </summary>
        </member>
        <member name="M:EtoForms.Controls.Custom.Helpers.GridViewExtensions.ReloadKeepSelection(Eto.Forms.GridView)">
            <summary>
            Reloads the <see cref="T:Eto.Forms.GridView"/> while preserving the possible selection.
            </summary>
            <param name="gridView">The grid view to reload.</param>
        </member>
        <member name="T:EtoForms.Controls.Custom.Interfaces.BaseClasses.SliderBase">
            <summary>
            A base class for custom slider controls.
            Implements the <see cref="T:Eto.Forms.Drawable" />
            </summary>
            <seealso cref="T:Eto.Forms.Drawable" />
        </member>
        <member name="M:EtoForms.Controls.Custom.Interfaces.BaseClasses.SliderBase.#ctor">
            <summary>
            Initializes a new instance of the <see cref="T:EtoForms.Controls.Custom.Interfaces.BaseClasses.SliderBase"/> class.
            </summary>
        </member>
        <member name="E:EtoForms.Controls.Custom.Interfaces.BaseClasses.SliderBase.ValueChanged">
            <summary>
            Occurs when the <see cref="P:EtoForms.Controls.Custom.Interfaces.BaseClasses.SliderBase.Value"/> property value has been changed.
            </summary>
        </member>
        <member name="P:EtoForms.Controls.Custom.Interfaces.BaseClasses.SliderBase.Minimum">
            <summary>
            Gets or sets the minimum value for the slider.
            </summary>
            <value>The minimum value for the slider.</value>
        </member>
        <member name="P:EtoForms.Controls.Custom.Interfaces.BaseClasses.SliderBase.Maximum">
            <summary>
            Gets or sets the maximum value for the slider.
            </summary>
            <value>The maximum value for the slider.</value>
        </member>
        <member name="P:EtoForms.Controls.Custom.Interfaces.BaseClasses.SliderBase.SuspendEventInvocation">
            <summary>
            Gets or sets a value indicating whether suspend raising the <see cref="E:EtoForms.Controls.Custom.Interfaces.BaseClasses.SliderBase.ValueChanged"/> event.
            </summary>
            <value><c>true</c> if suspend the <see cref="E:EtoForms.Controls.Custom.Interfaces.BaseClasses.SliderBase.ValueChanged"/> event invocation; otherwise, <c>false</c>.</value>
        </member>
        <member name="P:EtoForms.Controls.Custom.Interfaces.BaseClasses.SliderBase.Value">
            <summary>
            Gets or sets the current slider position value.
            </summary>
            <value>The current slider position value.</value>
        </member>
        <member name="P:EtoForms.Controls.Custom.Interfaces.BaseClasses.SliderBase.SliderPadding">
            <summary>
            Gets or sets the slider padding.
            </summary>
            <value>The slider padding.</value>
        </member>
        <member name="P:EtoForms.Controls.Custom.Interfaces.BaseClasses.SliderBase.SliderWidth">
            <summary>
            Gets or sets the width of the value slider.
            </summary>
            <value>The width of the value slider.</value>
        </member>
        <member name="P:EtoForms.Controls.Custom.Interfaces.BaseClasses.SliderBase.ColorSlider">
            <summary>
            Gets or sets the slider image color.
            </summary>
            <value>The slider image color.</value>
        </member>
        <member name="P:EtoForms.Controls.Custom.Interfaces.BaseClasses.SliderBase.ColorSliderMarker">
            <summary>
            Gets or sets the slider marker image color.
            </summary>
            <value>The slider marker image color.</value>
        </member>
        <member name="P:EtoForms.Controls.Custom.Interfaces.BaseClasses.SliderBase.SliderImageSvg">
            <summary>
            Gets or sets the SVG image for the slide area.
            </summary>
            <value>The SVG image for the slide area.</value>
        </member>
        <member name="P:EtoForms.Controls.Custom.Interfaces.BaseClasses.SliderBase.SliderMarkerImageSvg">
            <summary>
            Gets or sets the SVG image for the slider marker.
            </summary>
            <value>The SVG image for the slider marker.</value>
        </member>
        <member name="P:EtoForms.Controls.Custom.Interfaces.BaseClasses.SliderBase.BackgroundColor">
            <summary>
            Gets or sets the color of the background.
            </summary>
            <value>The color of the background.</value>
            <remarks>Note that on some platforms (e.g. Mac), setting the background color of a control can change the performance
            characteristics of the control and its children, since it must enable layers to do so.</remarks>
        </member>
        <member name="P:EtoForms.Controls.Custom.Interfaces.BaseClasses.SliderBase.SquareSize">
            <summary>
            Gets the size of and additional space taking square area.
            </summary>
        </member>
        <member name="M:EtoForms.Controls.Custom.Interfaces.BaseClasses.SliderBase.PaintControl(Eto.Drawing.Graphics,Eto.Drawing.RectangleF)">
            <summary>
            Paints the control.
            </summary>
            <param name="graphics">The graphics.</param>
            <param name="paintRectangle">The paint rectangle.</param>
            <exception cref="T:System.NotImplementedException"></exception>
        </member>
        <member name="T:EtoForms.Controls.Custom.PositionSlider">
            <summary>
            A slider control with customizable graphics to display and adjust position.
            Implements the <see cref="T:EtoForms.Controls.Custom.Interfaces.BaseClasses.SliderBase" />
            </summary>
            <seealso cref="T:EtoForms.Controls.Custom.Interfaces.BaseClasses.SliderBase" />
        </member>
        <member name="M:EtoForms.Controls.Custom.PositionSlider.#ctor">
            <summary>
            Initializes a new instance of the <see cref="T:EtoForms.Controls.Custom.PositionSlider"/> class.
            </summary>
        </member>
        <member name="M:EtoForms.Controls.Custom.PositionSlider.#ctor(System.EventHandler{EtoForms.Controls.Custom.EventArguments.ValueChangedEventArgs})">
            <summary>
            Initializes a new instance of the <see cref="T:EtoForms.Controls.Custom.PositionSlider"/> class.
            <param name="valueChanged">Event handler for the <see cref="E:EtoForms.Controls.Custom.Interfaces.BaseClasses.SliderBase.ValueChanged"/> event.</param>
            </summary>
        </member>
        <member name="M:EtoForms.Controls.Custom.PositionSlider.PaintControl(Eto.Drawing.Graphics,Eto.Drawing.RectangleF)">
            <inheritdoc cref="M:EtoForms.Controls.Custom.Interfaces.BaseClasses.SliderBase.PaintControl(Eto.Drawing.Graphics,Eto.Drawing.RectangleF)"/>
        </member>
        <member name="T:EtoForms.Controls.Custom.Properties.Resources">
            <summary>
              A strongly-typed resource class, for looking up localized strings, etc.
            </summary>
        </member>
        <member name="P:EtoForms.Controls.Custom.Properties.Resources.ResourceManager">
            <summary>
              Returns the cached ResourceManager instance used by this class.
            </summary>
        </member>
        <member name="P:EtoForms.Controls.Custom.Properties.Resources.Culture">
            <summary>
              Overrides the current thread's CurrentUICulture property for all
              resource lookups using this strongly typed resource class.
            </summary>
        </member>
        <member name="P:EtoForms.Controls.Custom.Properties.Resources.slider_line">
            <summary>
              Looks up a localized resource of type System.Byte[].
            </summary>
        </member>
        <member name="P:EtoForms.Controls.Custom.Properties.Resources.slider_mark">
            <summary>
              Looks up a localized resource of type System.Byte[].
            </summary>
        </member>
        <member name="P:EtoForms.Controls.Custom.Properties.Resources.volume_slider">
            <summary>
              Looks up a localized resource of type System.Byte[].
            </summary>
        </member>
        <member name="T:EtoForms.Controls.Custom.RatingSlider">
            <summary>
            A slider control to give a rating to something.
            Implements the <see cref="T:EtoForms.Controls.Custom.Interfaces.BaseClasses.SliderBase" />
            </summary>
            <seealso cref="T:EtoForms.Controls.Custom.Interfaces.BaseClasses.SliderBase" />
        </member>
        <member name="M:EtoForms.Controls.Custom.RatingSlider.#ctor">
            <summary>
            Initializes a new instance of the <see cref="T:EtoForms.Controls.Custom.RatingSlider"/> class.
            </summary>
        </member>
        <member name="M:EtoForms.Controls.Custom.RatingSlider.PaintControl(Eto.Drawing.Graphics,Eto.Drawing.RectangleF)">
            <inheritdoc cref="M:EtoForms.Controls.Custom.Interfaces.BaseClasses.SliderBase.PaintControl(Eto.Drawing.Graphics,Eto.Drawing.RectangleF)"/>
        </member>
        <member name="T:EtoForms.Controls.Custom.SvgColorization.SvgColor">
            <summary>
            A struct representing a HTML-styled SVG color.
            </summary>
        </member>
        <member name="M:EtoForms.Controls.Custom.SvgColorization.SvgColor.#ctor(System.String)">
            <summary>
            Initializes a new instance of the <see cref="T:EtoForms.Controls.Custom.SvgColorization.SvgColor"/> struct.
            </summary>
            <param name="color">The color in hexadecimal representation, i.e. '#FF557E'.</param>
        </member>
        <member name="M:EtoForms.Controls.Custom.SvgColorization.SvgColor.#ctor(System.Int32,System.Int32,System.Int32)">
            <summary>
            Initializes a new instance of the <see cref="T:EtoForms.Controls.Custom.SvgColorization.SvgColor"/> struct.
            </summary>
            <param name="r">The red color component.</param>
            <param name="g">The green color component.</param>
            <param name="b">The blue color component.</param>
        </member>
        <member name="M:EtoForms.Controls.Custom.SvgColorization.SvgColor.#ctor(System.Object)">
            <summary>
            Initializes a new instance of the <see cref="T:EtoForms.Controls.Custom.SvgColorization.SvgColor"/> struct.
            </summary>
            <param name="value">The object value which string representation is used to create a new <see cref="T:EtoForms.Controls.Custom.SvgColorization.SvgColor"/> struct.</param>
        </member>
        <member name="M:EtoForms.Controls.Custom.SvgColorization.SvgColor.op_Implicit(System.String)~EtoForms.Controls.Custom.SvgColorization.SvgColor">
            <summary>
            Performs an implicit conversion from <see cref="T:System.String"/> to <see cref="T:EtoForms.Controls.Custom.SvgColorization.SvgColor"/>.
            </summary>
            <param name="value">The color in hexadecimal representation, i.e. '#FF557E'.</param>
            <returns>A new instance to a <see cref="T:EtoForms.Controls.Custom.SvgColorization.SvgColor"/> class.</returns>
        </member>
        <member name="M:EtoForms.Controls.Custom.SvgColorization.SvgColor.op_Implicit(System.ValueTuple{System.Int32,System.Int32,System.Int32})~EtoForms.Controls.Custom.SvgColorization.SvgColor">
            <summary>
            Performs an implicit conversion from <see cref="T:System.ValueTuple`3"/> to <see cref="T:EtoForms.Controls.Custom.SvgColorization.SvgColor"/>.
            </summary>
            <param name="value">The reg, green and blue color components.</param>
            <returns>A new instance to a <see cref="T:EtoForms.Controls.Custom.SvgColorization.SvgColor"/> class.</returns>
        </member>
        <member name="P:EtoForms.Controls.Custom.SvgColorization.SvgColor.R">
            <summary>
            Gets the red color component.
            </summary>
            <value>The red color.</value>
        </member>
        <member name="P:EtoForms.Controls.Custom.SvgColorization.SvgColor.G">
            <summary>
            Gets the green color component.
            </summary>
            <value>The green color component.</value>
        </member>
        <member name="P:EtoForms.Controls.Custom.SvgColorization.SvgColor.B">
            <summary>
            Gets the blue color component.
            </summary>
            <value>The blue color component.</value>
        </member>
        <member name="M:EtoForms.Controls.Custom.SvgColorization.SvgColor.ToString">
            <summary>
            Returns a <see cref="T:System.String" /> that represents this instance.
            </summary>
            <returns>A <see cref="T:System.String" /> that represents this instance.</returns>
        </member>
        <member name="T:EtoForms.Controls.Custom.SvgColorization.SvgColorize">
            <summary>
            A class to change colors of SVG elements from SVG data.
            </summary>
        </member>
        <member name="P:EtoForms.Controls.Custom.SvgColorization.SvgColorize.SvgDocument">
            <summary>
            Gets the SVG document.
            </summary>
            <value>The SVG document.</value>
        </member>
        <member name="M:EtoForms.Controls.Custom.SvgColorization.SvgColorize.#ctor">
            <summary>
            Prevents a default instance of the <see cref="T:EtoForms.Controls.Custom.SvgColorization.SvgColorize"/> class from being created.
            </summary>
        </member>
        <member name="M:EtoForms.Controls.Custom.SvgColorization.SvgColorize.LoadFromFile(System.String)">
            <summary>
            Loads the SVG document from a file.
            </summary>
            <param name="fileName">Name of the file to load the document from.</param>
            <returns>A new instance to the <see cref="P:EtoForms.Controls.Custom.SvgColorization.SvgColorize.SvgDocument"/> class.</returns>
        </member>
        <member name="M:EtoForms.Controls.Custom.SvgColorization.SvgColorize.LoadFromStream(System.IO.Stream)">
            <summary>
            Loads the SVG document from a stream.
            </summary>
            <param name="stream">The stream to load the document from.</param>
            <returns>A new instance to the <see cref="P:EtoForms.Controls.Custom.SvgColorization.SvgColorize.SvgDocument"/> class.</returns>
        </member>
        <member name="M:EtoForms.Controls.Custom.SvgColorization.SvgColorize.FromBytes(System.Byte[])">
            <summary>
            Loads the SVG document from a specified byte array.
            </summary>
            <param name="bytes">The bytes containing the SVG data.</param>
            <returns>A new instance to the <see cref="P:EtoForms.Controls.Custom.SvgColorization.SvgColorize.SvgDocument"/> class.</returns>
        </member>
        <member name="M:EtoForms.Controls.Custom.SvgColorization.SvgColorize.FromString(System.String)">
            <summary>
            Loads the SVG document from a specified data string.
            </summary>
            <param name="svgData">The SVG data.</param>
            <returns>A new instance to the <see cref="P:EtoForms.Controls.Custom.SvgColorization.SvgColorize.SvgDocument"/> class.</returns>
        </member>
        <member name="M:EtoForms.Controls.Custom.SvgColorization.SvgColorize.NodeName(EtoForms.Controls.Custom.SvgColorization.SvgElement)">
            <summary>
            Gets the element name from a specified <see cref="T:EtoForms.Controls.Custom.SvgColorization.SvgElement"/> enumeration value.
            </summary>
            <param name="element">The element type.</param>
            <returns>A string representing the specified element type.</returns>
        </member>
        <member name="F:EtoForms.Controls.Custom.SvgColorization.SvgColorize.FillRegex">
            <summary>
            A regex to match the fill value of the style attribute.
            </summary>
        </member>
        <member name="F:EtoForms.Controls.Custom.SvgColorization.SvgColorize.StrokeRegex">
            <summary>
            A regex to match the stroke value of the style attribute.
            </summary>
        </member>
        <member name="M:EtoForms.Controls.Custom.SvgColorization.SvgColorize.ColorizeElementsStroke(EtoForms.Controls.Custom.SvgColorization.SvgElement,System.Nullable{EtoForms.Controls.Custom.SvgColorization.SvgColor})">
            <summary>
            Colorizes the elements of the SVG document specified by the <see cref="T:EtoForms.Controls.Custom.SvgColorization.SvgElement"/> element type.
            </summary>
            <param name="element">The element type which to colorize.</param>
            <param name="stroke">The stroke color. A <c>null</c> value will remove the definition.</param>
            <returns>An instance of this <see cref="T:EtoForms.Controls.Custom.SvgColorization.SvgColorize"/> class.</returns>
        </member>
        <member name="M:EtoForms.Controls.Custom.SvgColorization.SvgColorize.ProcessNodes(System.Xml.Linq.XElement,EtoForms.Controls.Custom.SvgColorization.SvgElement,System.Text.RegularExpressions.Regex,System.Nullable{EtoForms.Controls.Custom.SvgColorization.SvgColor},System.Boolean)">
            <summary>
            Processes the SVG nodes of the specified XML element.
            </summary>
            <param name="element">The element.</param>
            <param name="elementType">Type of the element.</param>
            <param name="regex">The regex to use for replacing a value.</param>
            <param name="color">The color for the value color.</param>
            <param name="fill">if set to <c>true</c> change the 'fill' property of the SVG, otherwise 'stroke'.</param>
        </member>
        <member name="M:EtoForms.Controls.Custom.SvgColorization.SvgColorize.Clone">
            <summary>
            Clones this instance.
            </summary>
            <returns>A new instance of the <see cref="T:EtoForms.Controls.Custom.SvgColorization.SvgColorize"/> class.</returns>
        </member>
        <member name="M:EtoForms.Controls.Custom.SvgColorization.SvgColorize.op_Implicit(System.Byte[])~EtoForms.Controls.Custom.SvgColorization.SvgColorize">
            <summary>
            Performs an implicit conversion from <see cref="T:byte[]"/> to <see cref="T:EtoForms.Controls.Custom.SvgColorization.SvgColorize"/>.
            </summary>
            <param name="svgData">The SVG data bytes.</param>
            <returns>An instance to a <see cref="T:EtoForms.Controls.Custom.SvgColorization.SvgColorize"/> class.</returns>
        </member>
        <member name="M:EtoForms.Controls.Custom.SvgColorization.SvgColorize.ColorizeElementsFill(EtoForms.Controls.Custom.SvgColorization.SvgElement,System.Nullable{EtoForms.Controls.Custom.SvgColorization.SvgColor})">
            <summary>
            Colorizes the elements of the SVG document specified by the <see cref="T:EtoForms.Controls.Custom.SvgColorization.SvgElement"/> element type.
            </summary>
            <param name="element">The element type which to colorize.</param>
            <param name="fill">The fill color. A <c>null</c> value will remove the definition.</param>
            <returns>An instance of this <see cref="T:EtoForms.Controls.Custom.SvgColorization.SvgColorize"/> class.</returns>
        </member>
        <member name="M:EtoForms.Controls.Custom.SvgColorization.SvgColorize.ToMemoryStream">
            <summary>
            Saves the SVG data into a <see cref="T:System.IO.MemoryStream"/>.
            </summary>
            <returns>An instance to a <see cref="T:System.IO.MemoryStream"/> class.</returns>
        </member>
        <member name="M:EtoForms.Controls.Custom.SvgColorization.SvgColorize.ToBytes">
            <summary>
            Saves the SVG data into a byte array.
            </summary>
            <returns>A byte array containing the SVG data.</returns>
        </member>
        <member name="M:EtoForms.Controls.Custom.SvgColorization.SvgColorize.ToDataString">
            <summary>
            Saves the SVG data into a string.
            </summary>
            <returns>A string containing the SVG data.</returns>
        </member>
        <member name="M:EtoForms.Controls.Custom.SvgColorization.SvgColorize.RemoveFill(EtoForms.Controls.Custom.SvgColorization.SvgElement)">
            <summary>
            Removes the fill color definition from the specified element types.
            </summary>
            <param name="element">The element type.</param>
            <returns>An instance of this <see cref="T:EtoForms.Controls.Custom.SvgColorization.SvgColorize"/> class.</returns>
        </member>
        <member name="M:EtoForms.Controls.Custom.SvgColorization.SvgColorize.RemoveStroke(EtoForms.Controls.Custom.SvgColorization.SvgElement)">
            <summary>
            Removes the stroke color definition from the specified element types.
            </summary>
            <param name="element">The element type.</param>
            <returns>An instance of this <see cref="T:EtoForms.Controls.Custom.SvgColorization.SvgColorize"/> class.</returns>
        </member>
        <member name="T:EtoForms.Controls.Custom.SvgColorization.SvgElement">
            <summary>
            An enumeration of SVG element types.
            </summary>
        </member>
        <member name="F:EtoForms.Controls.Custom.SvgColorization.SvgElement.A">
            <summary>
            The SVG element &lt;a&gt;.
            </summary>
        </member>
        <member name="F:EtoForms.Controls.Custom.SvgColorization.SvgElement.All">
            <summary>
            All the SVG element types.
            </summary>
        </member>
        <member name="F:EtoForms.Controls.Custom.SvgColorization.SvgElement.Animate">
            <summary>
            The SVG element &lt;animate&gt;.
            </summary>
        </member>
        <member name="F:EtoForms.Controls.Custom.SvgColorization.SvgElement.AnimateMotion">
            <summary>
            The SVG element &lt;animateMotion&gt;.
            </summary>
        </member>
        <member name="F:EtoForms.Controls.Custom.SvgColorization.SvgElement.AnimateTransform">
            <summary>
            The SVG element &lt;animateTransform&gt;.
            </summary>
        </member>
        <member name="F:EtoForms.Controls.Custom.SvgColorization.SvgElement.Circle">
            <summary>
            The SVG element &lt;circle&gt;.
            </summary>
        </member>
        <member name="F:EtoForms.Controls.Custom.SvgColorization.SvgElement.Ellipse">
            <summary>
            The SVG element &lt;ellipse&gt;.
            </summary>
        </member>
        <member name="F:EtoForms.Controls.Custom.SvgColorization.SvgElement.Filter">
            <summary>
            The SVG element &lt;filter&gt;.
            </summary>
        </member>
        <member name="F:EtoForms.Controls.Custom.SvgColorization.SvgElement.ForeignObject">
            <summary>
            The SVG element &lt;foreignObject&gt;.
            </summary>
        </member>
        <member name="F:EtoForms.Controls.Custom.SvgColorization.SvgElement.G">
            <summary>
            The SVG element &lt;g&gt;.
            </summary>
        </member>
        <member name="F:EtoForms.Controls.Custom.SvgColorization.SvgElement.Hatch">
            <summary>
            The SVG element &lt;hatch&gt;.
            </summary>
        </member>
        <member name="F:EtoForms.Controls.Custom.SvgColorization.SvgElement.Hatchpath">
            <summary>
            The SVG element &lt;hatchpath&gt;.
            </summary>
        </member>
        <member name="F:EtoForms.Controls.Custom.SvgColorization.SvgElement.Image">
            <summary>
            The SVG element &lt;image&gt;.
            </summary>
        </member>
        <member name="F:EtoForms.Controls.Custom.SvgColorization.SvgElement.Line">
            <summary>
            The SVG element &lt;line&gt;.
            </summary>
        </member>
        <member name="F:EtoForms.Controls.Custom.SvgColorization.SvgElement.LinearGradient">
            <summary>
            The SVG element &lt;linearGradient&gt;.
            </summary>
        </member>
        <member name="F:EtoForms.Controls.Custom.SvgColorization.SvgElement.Marker">
            <summary>
            The SVG element &lt;marker&gt;.
            </summary>
        </member>
        <member name="F:EtoForms.Controls.Custom.SvgColorization.SvgElement.Mask">
            <summary>
            The SVG element &lt;mask&gt;.
            </summary>
        </member>
        <member name="F:EtoForms.Controls.Custom.SvgColorization.SvgElement.Metadata">
            <summary>
            The SVG element &lt;&gt;.
            </summary>
        </member>
        <member name="F:EtoForms.Controls.Custom.SvgColorization.SvgElement.Mpath">
            <summary>
            The SVG element &lt;mpath&gt;.
            </summary>
        </member>
        <member name="F:EtoForms.Controls.Custom.SvgColorization.SvgElement.Path">
            <summary>
            The SVG element &lt;path&gt;.
            </summary>
        </member>
        <member name="F:EtoForms.Controls.Custom.SvgColorization.SvgElement.Pattern">
            <summary>
            The SVG element &lt;pattern&gt;.
            </summary>
        </member>
        <member name="F:EtoForms.Controls.Custom.SvgColorization.SvgElement.Polygon">
            <summary>
            The SVG element &lt;polygon&gt;.
            </summary>
        </member>
        <member name="F:EtoForms.Controls.Custom.SvgColorization.SvgElement.Polyline">
            <summary>
            The SVG element &lt;polyline&gt;.
            </summary>
        </member>
        <member name="F:EtoForms.Controls.Custom.SvgColorization.SvgElement.RadialGradient">
            <summary>
            The SVG element &lt;radialGradient&gt;.
            </summary>
        </member>
        <member name="F:EtoForms.Controls.Custom.SvgColorization.SvgElement.Rect">
            <summary>
            The SVG element &lt;rect&gt;.
            </summary>
        </member>
        <member name="F:EtoForms.Controls.Custom.SvgColorization.SvgElement.Script">
            <summary>
            The SVG element &lt;script&gt;.
            </summary>
        </member>
        <member name="F:EtoForms.Controls.Custom.SvgColorization.SvgElement.Set">
            <summary>
            The SVG element &lt;set&gt;.
            </summary>
        </member>
        <member name="F:EtoForms.Controls.Custom.SvgColorization.SvgElement.Stop">
            <summary>
            The SVG element &lt;stop&gt;.
            </summary>
        </member>
        <member name="F:EtoForms.Controls.Custom.SvgColorization.SvgElement.Style">
            <summary>
            The SVG element &lt;style&gt;.
            </summary>
        </member>
        <member name="F:EtoForms.Controls.Custom.SvgColorization.SvgElement.Svg">
            <summary>
            The SVG element &lt;svg&gt;.
            </summary>
        </member>
        <member name="F:EtoForms.Controls.Custom.SvgColorization.SvgElement.Switch">
            <summary>
            The SVG element &lt;switch&gt;.
            </summary>
        </member>
        <member name="F:EtoForms.Controls.Custom.SvgColorization.SvgElement.Symbol">
            <summary>
            The SVG element &lt;symbol&gt;.
            </summary>
        </member>
        <member name="F:EtoForms.Controls.Custom.SvgColorization.SvgElement.Text">
            <summary>
            The SVG element &lt;text&gt;.
            </summary>
        </member>
        <member name="F:EtoForms.Controls.Custom.SvgColorization.SvgElement.TextPath">
            <summary>
            The SVG element &lt;textPath&gt;.
            </summary>
        </member>
        <member name="F:EtoForms.Controls.Custom.SvgColorization.SvgElement.Title">
            <summary>
            The SVG element &lt;title&gt;.
            </summary>
        </member>
        <member name="F:EtoForms.Controls.Custom.SvgColorization.SvgElement.Tspan">
            <summary>
            The SVG element &lt;tspan&gt;.
            </summary>
        </member>
        <member name="F:EtoForms.Controls.Custom.SvgColorization.SvgElement.Use">
            <summary>
            The SVG element &lt;use&gt;.
            </summary>
        </member>
        <member name="F:EtoForms.Controls.Custom.SvgColorization.SvgElement.View">
            <summary>
            The SVG element &lt;view&gt;.
            </summary>
        </member>
        <member name="T:EtoForms.Controls.Custom.SvgImageButton">
            <summary>
            A button with SVG image.
            Implements the <see cref="T:Eto.Forms.Button" />
            </summary>
            <seealso cref="T:Eto.Forms.Button" />
        </member>
        <member name="M:EtoForms.Controls.Custom.SvgImageButton.#ctor(System.EventHandler{System.EventArgs})">
            <summary>
            Initializes a new instance of the <see cref="T:EtoForms.Controls.Custom.SvgImageButton"/> class.
            </summary>
            <param name="click">Delegate to handle when the button is clicked.</param>
            <remarks>This is a convenience constructor to set up the click event.</remarks>
        </member>
        <member name="P:EtoForms.Controls.Custom.SvgImageButton.Enabled">
            <summary>
            Gets or sets a value indicating whether this <see cref="T:Eto.Forms.Control" /> (or its children) are enabled and accept user input.
            </summary>
            <value><c>true</c> if enabled; otherwise, <c>false</c>.</value>
            <remarks>Typically when a control is disabled, the user cannot do anything with the control or any of its children.
            Including for example, selecting text in a text control.
            Certain controls can have a 'Read Only' mode, such as <see cref="P:Eto.Forms.TextBox.ReadOnly" /> which allow the user to
            select text, but not change its contents.</remarks>
        </member>
        <member name="P:EtoForms.Controls.Custom.SvgImageButton.DisabledImageColor">
            <summary>
            Gets or sets the color of the image when the <see cref="T:EtoForms.Controls.Custom.SvgImageButton"/> is not <see cref="P:EtoForms.Controls.Custom.SvgImageButton.Enabled"/>.
            </summary>
            <value>The color of the SVG image when the button is disabled.</value>
            <remarks>The default value is #B6BCB6.</remarks>
        </member>
        <member name="P:EtoForms.Controls.Custom.SvgImageButton.SolidImageColor">
            <summary>
            Gets or sets the solid color for the SVG image.
            </summary>
            <value>The solid color for the SVG image.</value>
            <remarks>A null value causes the SVG image to be rendered with its original colors.</remarks>
        </member>
        <member name="P:EtoForms.Controls.Custom.SvgImageButton.ImageSize">
            <summary>
            Gets or sets the size for the SVG image.
            </summary>
            <value>The size for the image SVG image.</value>
        </member>
        <member name="P:EtoForms.Controls.Custom.SvgImageButton.Size">
            <summary>
            Gets or sets the size of the control. Use -1 to specify auto sizing for either the width and/or height.
            </summary>
            <value>The size of the control.</value>
        </member>
        <member name="P:EtoForms.Controls.Custom.SvgImageButton.Image">
            <summary>
            Gets or sets the SVG image data in bytes.
            </summary>
            <value>The SVG image to display-</value>
        </member>
        <member name="T:EtoForms.Controls.Custom.SvgImageView">
            <summary>
            A control to view an SVG image.
            Implements the <see cref="T:Eto.Forms.Drawable" />
            </summary>
            <seealso cref="T:Eto.Forms.Drawable" />
        </member>
        <member name="M:EtoForms.Controls.Custom.SvgImageView.#ctor(System.Byte[],Eto.Drawing.Color)">
            <summary>
            Initializes a new instance of the <see cref="T:EtoForms.Controls.Custom.SvgImageView"/> class.
            </summary>
            <param name="svgImageBytes">The SVG image data bytes.</param>
            <param name="svgColor">The color (fill/stroke) of the SVG.</param>
        </member>
        <member name="M:EtoForms.Controls.Custom.SvgImageView.PaintImageView(Eto.Drawing.Graphics,Eto.Drawing.RectangleF)">
            <summary>
            Draws the SVG image to the specified graphics.
            </summary>
            <param name="graphics">The graphics to draw on to.</param>
            <param name="drawArea">The drawing area rectangle.</param>
        </member>
        <member name="P:EtoForms.Controls.Custom.SvgImageView.SvgFillColor">
            <summary>
            Gets or sets the color of the SVG fill.
            </summary>
            <value>The color of the SVG fill.</value>
        </member>
        <member name="P:EtoForms.Controls.Custom.SvgImageView.SvgStrokeColor">
            <summary>
            Gets or sets the color of the SVG stroke.
            </summary>
            <value>The color of the SVG stroke.</value>
        </member>
        <member name="P:EtoForms.Controls.Custom.SvgImageView.SvgImageData">
            <summary>
            Gets or sets the SVG image data bytes.
            </summary>
            <value>The SVG image data.</value>
        </member>
        <member name="T:EtoForms.Controls.Custom.UserIdle.UserIdleChecker">
            <summary>
            A class to detect if the user is idle. E.g. not interacting with the application.
            Implements the <see cref="T:System.IDisposable" />
            </summary>
            <seealso cref="T:System.IDisposable" />
        </member>
        <member name="M:EtoForms.Controls.Custom.UserIdle.UserIdleChecker.#ctor(Eto.Forms.Container)">
            <summary>
            Initializes a new instance of the <see cref="T:EtoForms.Controls.Custom.UserIdle.UserIdleChecker"/> class.
            </summary>
            <param name="container">The container control which keyboard and mouse events to listen.</param>
        </member>
        <member name="P:EtoForms.Controls.Custom.UserIdle.UserIdleChecker.UserInactiveInterval">
            <summary>
            Gets or sets the interval the user must be inactive in seconds before the <see cref="E:EtoForms.Controls.Custom.UserIdle.UserIdleChecker.UserIdle"/> event gets raised.
            </summary>
            <value>The interval for user inactivity in seconds.</value>
        </member>
        <member name="P:EtoForms.Controls.Custom.UserIdle.UserIdleChecker.IsUserIdle">
            <summary>
            Gets or sets a value indicating the user is currently idle.
            </summary>
            <value><c>true</c> if the user is currently idle; otherwise, <c>false</c>.</value>
        </member>
        <member name="E:EtoForms.Controls.Custom.UserIdle.UserIdleChecker.UserIdle">
            <summary>
            Occurs when the user has been inactive for the specified interval.
            </summary>
        </member>
        <member name="E:EtoForms.Controls.Custom.UserIdle.UserIdleChecker.UserActivated">
            <summary>
            Occurs when user inactivity stopped.
            </summary>
        </member>
        <member name="P:EtoForms.Controls.Custom.UserIdle.UserIdleChecker.PreviousActiveTime">
            <summary>
            Gets or sets the date and time of previous user activity.
            </summary>
            <value>The date and time of previous user activity.</value>
        </member>
        <member name="M:EtoForms.Controls.Custom.UserIdle.UserIdleChecker.Dispose">
            <summary>
            Performs application-defined tasks associated with freeing, releasing, or resetting unmanaged resources.
            </summary>
        </member>
        <member name="T:EtoForms.Controls.Custom.UserIdle.UserIdleEventArgs">
            <summary>
            A class used with an event to indicate user inactivity.
            Implements the <see cref="T:System.EventArgs" />
            </summary>
            <seealso cref="T:System.EventArgs" />
        </member>
        <member name="T:EtoForms.Controls.Custom.Utilities.DialogQueryValue`1">
            <summary>
            A dialog to query a value from the user.
            Implements the <see cref="T:Eto.Forms.Dialog`1" />
            </summary>
            <typeparam name="T">The type of the value to query.</typeparam>
            <seealso cref="T:Eto.Forms.Dialog`1" />
        </member>
        <member name="M:EtoForms.Controls.Custom.Utilities.DialogQueryValue`1.#ctor(System.String,System.String,System.Boolean,Eto.Drawing.Size,Eto.Drawing.Padding,`0,`0,`0,System.Int32)">
            <summary>
            Initializes a new instance of the <see cref="T:EtoForms.Controls.Custom.Utilities.DialogQueryValue`1"/> class.
            </summary>
            <param name="title">The dialog title.</param>
            <param name="valueQueryText">The value query text next to the input control.</param>
            <param name="allowEmpty">if set to <c>true</c> an empty value is allowed if the <typeparamref name="T"/> allows it.</param>
            <param name="defaultSpacing">The default spacing.</param>
            <param name="defaultPadding">The default padding.</param>
            <param name="value">The initial value.</param>
            <param name="minimumValue">The minimum value for e.g. numeric types.</param>
            <param name="maximumValue">The maximum value for e.g. numeric types.</param>
            <param name="decimals">The number of allowed decimals for floating point types.</param>
        </member>
        <member name="T:EtoForms.Controls.Custom.Utilities.EtoHelpers">
            <summary>
            Some helper methods for Eto.Forms.
            </summary>
        </member>
        <member name="M:EtoForms.Controls.Custom.Utilities.EtoHelpers.SetIcon(Eto.Forms.Window,System.Byte[])">
            <summary>
            Set an icon from specified bytes to a specified <see cref="T:Eto.Forms.Form"/>.
            </summary>
            <param name="form">The form to set the icon for.</param>
            <param name="iconData">The icon data.</param>
        </member>
        <member name="P:EtoForms.Controls.Custom.Utilities.EtoHelpers.IconLoadErrorMessage">
            <summary>
            Gets or sets a message to display if an icon loading fails.
            </summary>
        </member>
        <member name="P:EtoForms.Controls.Custom.Utilities.EtoHelpers.ErrorDialogTitle">
            <summary>
            A message for an error dialog title.
            </summary>
        </member>
        <member name="M:EtoForms.Controls.Custom.Utilities.EtoHelpers.LabelWrap(System.String,Eto.Forms.Control,System.Int32)">
            <summary>
            Creates a new <see cref="T:Eto.Forms.TableLayout"/> containing the specified control and a label with specified text.
            </summary>
            <param name="text">The text for the label.</param>
            <param name="control">The control.</param>
            <param name="padding">The padding to use.</param>
            <returns>A new instance to the <see cref="T:Eto.Forms.TableLayout"/> control.</returns>
        </member>
        <member name="M:EtoForms.Controls.Custom.Utilities.EtoHelpers.PaddingBottomWrap(Eto.Forms.Control,System.Int32)">
            <summary>
            Creates a new <see cref="T:Eto.Forms.Panel"/> control and contains the specified control within
            the panel using the specified padding value as the bottom padding.
            </summary>
            <param name="control">The control.</param>
            <param name="padding">The padding to use.</param>
            <returns>A new instance to the <see cref="T:Eto.Forms.Panel"/> control.</returns>
        </member>
        <member name="M:EtoForms.Controls.Custom.Utilities.EtoHelpers.PaddingWrap(Eto.Forms.Control,System.Int32)">
            <summary>
            Creates a new <see cref="T:Eto.Forms.Panel"/> control and contains the specified control within
            the panel using the specified padding.
            </summary>
            <param name="control">The control.</param>
            <param name="padding">The padding to use.</param>
            <returns>A new instance to the <see cref="T:Eto.Forms.Panel"/> control.</returns>
        </member>
        <member name="M:EtoForms.Controls.Custom.Utilities.EtoHelpers.LabelWrapperWithButton(System.String,System.String,Eto.Forms.Control,System.EventHandler{System.EventArgs},System.Int32)">
            <summary>
            Create a <see cref="T:Eto.Forms.TableRow"/> with a <see cref="T:Eto.Forms.TableLayout"/> containing one row with the specified control, a label and a button.
            </summary>
            <param name="labelText">The label text.</param>
            <param name="buttonText">The button text.</param>
            <param name="control">The control to use inside the <see cref="T:Eto.Forms.TableLayout"/>.</param>
            <param name="clickHandler">The click handler for the <see cref="T:Eto.Forms.Button"/>.</param>
            <param name="space">A space between the specified control and the button.</param>
            <returns>A new instance to a <see cref="T:Eto.Forms.TableRow"/> control.</returns>
        </member>
        <member name="M:EtoForms.Controls.Custom.Utilities.EtoHelpers.LabelWrapperWithButton(System.String,System.String,Eto.Forms.Control,System.EventHandler{System.EventArgs},System.Byte[],Eto.Drawing.Color,System.Int32,System.Int32)">
            <summary>
            Create a <see cref="T:Eto.Forms.TableRow"/>  with a <see cref="T:Eto.Forms.TableLayout"/> containing one row with the specified control, a label and a button with scaled SVG image.
            </summary>
            <param name="labelText">The label text.</param>
            <param name="buttonText">The button text.</param>
            <param name="control">The control to use inside the <see cref="T:Eto.Forms.TableLayout"/>.</param>
            <param name="clickHandler">The click handler for the <see cref="T:Eto.Forms.Button"/>.</param>
            <param name="svgImageBytes">The SVG image data in a byte array.</param>
            <param name="buttonColor">The <see cref="T:Eto.Drawing.Color"/> for the SVG image.</param>
            <param name="imagePadding">The amount of pixels the image should be smaller than the button height.</param>
            <param name="space">A space between the specified control and the button.</param>
            <returns>A new instance to a <see cref="T:Eto.Forms.TableRow"/> control.</returns>
        </member>
        <member name="M:EtoForms.Controls.Custom.Utilities.EtoHelpers.LabelWrapperWithControls(System.String,System.Int32,System.Int32,Eto.Forms.Control[])">
            <summary>
            Wraps multiple controls under a single label.
            </summary>
            <param name="labelText">The label text.</param>
            <param name="controls">The controls to wrap under a single <see cref="T:Eto.Forms.Label"/>.</param>
            <param name="padding">The padding to use.</param>
            <param name="spacing">A space to use with the controls. A <see cref="T:Eto.Forms.Panel"/> controls are used to define the spacing.</param>
            <returns>A new instance to a <see cref="T:Eto.Forms.TableRow"/> control.</returns>
        </member>
        <member name="P:EtoForms.Controls.Custom.Utilities.EtoHelpers.ResizeLoopLimit">
            <summary>
            Gets or sets the resize loop limit for the <see cref="M:EtoForms.Controls.Custom.Utilities.EtoHelpers.CreateImageButton(System.Byte[],Eto.Drawing.Color,System.Int32,System.EventHandler{System.EventArgs},System.String,System.Nullable{Eto.Forms.ButtonImagePosition},System.Nullable{Eto.Drawing.Size})"/> method as some layouts
            may cause the button resize pixel by pixel causing heavy calculation loop.
            </summary>
            <value>The resize loop limit.</value>
        </member>
        <member name="M:EtoForms.Controls.Custom.Utilities.EtoHelpers.HeightLimitWrap(Eto.Forms.Control,System.Boolean)">
            <summary>
            Wraps the specified control in a <see cref="T:Eto.Forms.TableLayout"/> with two columns preventing the control's height to scale beyond is minimum height.
            </summary>
            <param name="control">The control to wrap.</param>
            <param name="upperCell">A value indicating whether to put the control in the upper or the lower cell of the internal <seealso cref="T:Eto.Forms.TableLayout"/>.</param>
            <returns>A new table cell containing the control.</returns>
        </member>
        <member name="M:EtoForms.Controls.Custom.Utilities.EtoHelpers.WidthLimitWrap(Eto.Forms.Control,System.Boolean)">
            <summary>
            Wraps the specified control in a <see cref="T:Eto.Forms.TableLayout"/> with two columns preventing the control's width to scale beyond is minimum width.
            </summary>
            <param name="control">The control to wrap.</param>
            <param name="leftCell">A value indicating whether to put the control in the left or the right cell of the internal <seealso cref="T:Eto.Forms.TableLayout"/>.</param>
            <returns>A new table cell containing the control.</returns>
        </member>
        <member name="M:EtoForms.Controls.Custom.Utilities.EtoHelpers.TableWrap(System.Boolean,Eto.Forms.Control[])">
            <summary>
            Wraps the specified controls into a new <see cref="T:Eto.Forms.TableLayout"/> and returns the contents as a new <see cref="T:Eto.Forms.TableRow"/>.
            </summary>
            <param name="addScaleWidthCell">A value indicating whether to add a maximum width scaling cell to the last cell of the row.</param>
            <param name="controls">The controls to wrap.</param>
            <returns>A new instance to the <see cref="T:Eto.Forms.TableRow"/> class.</returns>
        </member>
        <member name="M:EtoForms.Controls.Custom.Utilities.EtoHelpers.TableWrapVertical(System.Boolean,Eto.Forms.Control[])">
            <summary>
            Creates a vertical <see cref="T:Eto.Forms.TableLayout"/> from the specified controls.
            </summary>
            <param name="addScaleHeightCell">if set to <c>true</c> add height scaling cell.</param>
            <param name="controls">The controls for the table row.</param>
            <returns>Am instance to the <see cref="T:Eto.Forms.TableLayout"/> class.</returns>
        </member>
        <member name="M:EtoForms.Controls.Custom.Utilities.EtoHelpers.ImageFromSvg(Eto.Drawing.Color,System.Byte[],Eto.Drawing.Size)">
            <summary>
            Generates an image from the specified SVG image data with specified color.
            </summary>
            <param name="svgColor">The color for the SVG.</param>
            <param name="imageData">The SVG image data.</param>
            <param name="size">The size for the image.</param>
            <returns>A <see cref="T:Eto.Drawing.Image"/> class instance with the SVG colorized and sized to the specified size.</returns>
        </member>
        <member name="M:EtoForms.Controls.Custom.Utilities.EtoHelpers.CreateImageButton(System.Byte[],Eto.Drawing.Color,System.Int32,System.EventHandler{System.EventArgs},System.String,System.Nullable{Eto.Forms.ButtonImagePosition},System.Nullable{Eto.Drawing.Size})">
            <summary>
            Creates a new instance of a <see cref="T:Eto.Forms.Button"/> control with auto-scaling SVG image.
            </summary>
            <param name="svgData">The SVG image data as byte array.</param>
            <param name="svgColor">The <see cref="T:Eto.Drawing.Color"/> for the SVG image color.</param>
            <param name="imagePadding">The amount of pixels the image should be smaller than the button height.</param>
            <param name="clickHandler">The click handler for the <see cref="T:Eto.Forms.Button"/>.</param>
            <param name="buttonText">The text for the button.</param>
            <param name="customPosition">An optional custom image position.</param>
            <param name="buttonSize">An optional size for the image button.</param>
            <returns>A new instance to a <see cref="T:Eto.Forms.Button"/> control.</returns>
        </member>
        <member name="M:EtoForms.Controls.Custom.Utilities.EtoHelpers.CreateImageButton(EtoForms.Controls.Custom.SvgColorization.SvgColorize,Eto.Drawing.Color,System.Int32,System.EventHandler{System.EventArgs},System.String,System.Nullable{Eto.Forms.ButtonImagePosition},System.Nullable{Eto.Drawing.Size})">
            <summary>
            Creates a new instance of a <see cref="T:Eto.Forms.Button"/> control with auto-scaling SVG image.
            </summary>
            <param name="svgColorize">An instance of the <see cref="T:EtoForms.Controls.Custom.SvgColorization.SvgColorize"/> class containing the SVG data.</param>
            <param name="svgColor">The <see cref="T:Eto.Drawing.Color"/> for the SVG image color.</param>
            <param name="imagePadding">The amount of pixels the image should be smaller than the button height.</param>
            <param name="clickHandler">The click handler for the <see cref="T:Eto.Forms.Button"/>.</param>
            <param name="buttonText">The text for the button.</param>
            <param name="customPosition">An optional custom image position.</param>
            <param name="buttonSize">An optional size for the image button.</param>
            <returns>A new instance to a <see cref="T:Eto.Forms.Button"/> control.</returns>
        </member>
        <member name="T:EtoForms.Controls.Custom.Utilities.FluentTableLayoutBuilder">
            <summary>
            A class to help create a <see cref="T:Eto.Forms.TableLayout"/> layout.
            </summary>
        </member>
        <member name="M:EtoForms.Controls.Custom.Utilities.FluentTableLayoutBuilder.#ctor">
            <summary>
            Prevents a default instance of the <see cref="T:EtoForms.Controls.Custom.Utilities.FluentTableLayoutBuilder"/> class from being created.
            </summary>
        </member>
        <member name="P:EtoForms.Controls.Custom.Utilities.FluentTableLayoutBuilder.RootTableLayout">
            <summary>
            Gets or sets the root <see cref="T:Eto.Forms.TableLayout"/> control.
            </summary>
            <value>The root table layout.</value>
        </member>
        <member name="P:EtoForms.Controls.Custom.Utilities.FluentTableLayoutBuilder.Spacing">
            <summary>
            Gets or sets the control spacing.
            </summary>
            <value>The spacing.</value>
        </member>
        <member name="M:EtoForms.Controls.Custom.Utilities.FluentTableLayoutBuilder.New">
            <summary>
            Creates a new instance of the <seealso cref="T:EtoForms.Controls.Custom.Utilities.FluentTableLayoutBuilder"/> class and initializes the <see cref="P:EtoForms.Controls.Custom.Utilities.FluentTableLayoutBuilder.RootTableLayout"/> property for it.
            </summary>
            <returns>FluentTableLayoutBuilder.</returns>
        </member>
        <member name="M:EtoForms.Controls.Custom.Utilities.FluentTableLayoutBuilder.WithSpacing(System.Int32)">
            <summary>
            Sets the control <see cref="P:EtoForms.Controls.Custom.Utilities.FluentTableLayoutBuilder.Spacing"/> value.
            </summary>
            <param name="spacing">The spacing value.</param>
            <returns>An instance of this <see cref="T:EtoForms.Controls.Custom.Utilities.FluentTableLayoutBuilder"/> class.</returns>
        </member>
        <member name="M:EtoForms.Controls.Custom.Utilities.FluentTableLayoutBuilder.WithRootRow(Eto.Forms.Control[])">
            <summary>
            Creates a new <see cref="T:Eto.Forms.TableRow"/> to the <see cref="P:EtoForms.Controls.Custom.Utilities.FluentTableLayoutBuilder.RootTableLayout"/> control.
            </summary>
            <param name="controls">The controls for the row.</param>
            <returns>An instance of this <see cref="T:EtoForms.Controls.Custom.Utilities.FluentTableLayoutBuilder"/> class.</returns>
        </member>
        <member name="M:EtoForms.Controls.Custom.Utilities.FluentTableLayoutBuilder.WithRootRow(System.Int32,Eto.Forms.Control[])">
            <summary>
            Creates a new <see cref="T:Eto.Forms.TableRow"/> to the <see cref="P:EtoForms.Controls.Custom.Utilities.FluentTableLayoutBuilder.RootTableLayout"/> control.
            </summary>
            <param name="spacing">The spacing between the controls within the row.</param>
            <param name="controls">The controls for the row.</param>
            <returns>An instance of this <see cref="T:EtoForms.Controls.Custom.Utilities.FluentTableLayoutBuilder"/> class.</returns>
        </member>
        <member name="M:EtoForms.Controls.Custom.Utilities.FluentTableLayoutBuilder.WithRow(Eto.Forms.Control[])">
            <summary>
            Creates a new <see cref="T:Eto.Forms.TableLayout"/> class instance with the specified controls and adds
            the created layout to the <see cref="P:EtoForms.Controls.Custom.Utilities.FluentTableLayoutBuilder.RootTableLayout"/> as a new row.
            </summary>
            <param name="controls">The controls for the row.</param>
            <returns>An instance of this <see cref="T:EtoForms.Controls.Custom.Utilities.FluentTableLayoutBuilder"/> class.</returns>
        </member>
        <member name="M:EtoForms.Controls.Custom.Utilities.FluentTableLayoutBuilder.WithRow(System.Int32,Eto.Forms.Control[])">
            <summary>
            Creates a new <see cref="T:Eto.Forms.TableLayout"/> class instance with the specified controls and adds
            the created layout to the <see cref="P:EtoForms.Controls.Custom.Utilities.FluentTableLayoutBuilder.RootTableLayout"/> as a new row.
            </summary>
            <param name="spacing">The spacing between the controls within the row.</param>
            <param name="controls">The controls for the row.</param>
            <returns>An instance of this <see cref="T:EtoForms.Controls.Custom.Utilities.FluentTableLayoutBuilder"/> class.</returns>
        </member>
        <member name="M:EtoForms.Controls.Custom.Utilities.FluentTableLayoutBuilder.WithEmptyRow">
            <summary>
            Adds a new empty <see cref="T:Eto.Forms.TableRow"/> with no controls into the <see cref="P:EtoForms.Controls.Custom.Utilities.FluentTableLayoutBuilder.RootTableLayout"/>
            with <see cref="P:Eto.Forms.TableRow.ScaleHeight"/> set to <c>true</c>.
            </summary>
            <returns>An instance of this <see cref="T:EtoForms.Controls.Custom.Utilities.FluentTableLayoutBuilder"/> class.</returns>
        </member>
        <member name="M:EtoForms.Controls.Custom.Utilities.FluentTableLayoutBuilder.GetTable">
            <summary>
            Gets the <see cref="P:EtoForms.Controls.Custom.Utilities.FluentTableLayoutBuilder.RootTableLayout"/> instance value.
            </summary>
            <returns>The <see cref="P:EtoForms.Controls.Custom.Utilities.FluentTableLayoutBuilder.RootTableLayout"/> instance.</returns>
        </member>
        <member name="T:EtoForms.Controls.Custom.Utilities.SvgToImage">
            <summary>
            A platform-independent SVG to bitmap conversion class.
            </summary>
        </member>
        <member name="M:EtoForms.Controls.Custom.Utilities.SvgToImage.ImageFromSvg(System.Byte[],Eto.Drawing.Size,System.Nullable{System.Single})">
            <summary>
            Creates and instance of the <see cref="T:Eto.Drawing.Image"/> class from the specified SVG data.
            </summary>
            <param name="svgBytes">The SVG data bytes.</param>
            <param name="desiredSize">Size of the desired <seealso cref="T:Eto.Drawing.Image"/>.</param>
            <param name="rotationAngle">A value to rotate the SVG image to clockwise. The default is <c>null</c> which will ignore rotation.</param>
            <returns>An instance to a <see cref="T:Eto.Drawing.Image"/> class.</returns>
        </member>
        <member name="T:EtoForms.Controls.Custom.Utilities.TableLayoutHelpers">
            <summary>
            Some helper utilities for the <see cref="T:Eto.Forms.TableLayout"/> class.
            </summary>
        </member>
        <member name="M:EtoForms.Controls.Custom.Utilities.TableLayoutHelpers.CreateRowTable(System.Boolean,Eto.Drawing.Size,System.Object[])">
            <summary>
            Creates a <see cref="T:Eto.Forms.TableLayout"/> instance from the specified controls
            </summary>
            <param name="lastScaleWidth">if set to <c>true</c> the last control is scaled to maximum width.</param>
            <param name="spacing">The spacing between controls.</param>
            <param name="controls">The controls for the table layout.</param>
            <returns>An instance to a <see cref="T:Eto.Forms.TableLayout"/> class to be used as a row in another <see cref="T:Eto.Forms.TableLayout"/>.</returns>
        </member>
        <member name="T:EtoForms.Controls.Custom.VolumeSlider">
            <summary>
            A volume slider control for <see cref="N:Eto.Forms"/>.
            Implements the <see cref="T:EtoForms.Controls.Custom.Interfaces.BaseClasses.SliderBase" />
            </summary>
            <seealso cref="T:EtoForms.Controls.Custom.Interfaces.BaseClasses.SliderBase" />
        </member>
        <member name="M:EtoForms.Controls.Custom.VolumeSlider.#ctor">
            <summary>
            Initializes a new instance of the <see cref="T:EtoForms.Controls.Custom.VolumeSlider"/> class.
            </summary>
        </member>
        <member name="M:EtoForms.Controls.Custom.VolumeSlider.#ctor(System.EventHandler{EtoForms.Controls.Custom.EventArguments.ValueChangedEventArgs})">
            <summary>
            Initializes a new instance of the <see cref="T:EtoForms.Controls.Custom.VolumeSlider"/> class.
            <param name="valueChanged">Event handler for the <see cref="E:EtoForms.Controls.Custom.Interfaces.BaseClasses.SliderBase.ValueChanged"/> event.</param>
            </summary>
        </member>
        <member name="P:EtoForms.Controls.Custom.VolumeSlider.ColorSpeaker">
            <summary>
            Gets or sets the speaker image color.
            </summary>
            <value>The speaker image color.</value>
        </member>
        <member name="P:EtoForms.Controls.Custom.VolumeSlider.SpeakerImageSvg">
            <summary>
            Gets or sets the SVG image for a speaker.
            </summary>
            <value>The SVG image for a speaker.</value>
        </member>
        <member name="P:EtoForms.Controls.Custom.VolumeSlider.SquareSize">
            <inheritdoc cref="P:EtoForms.Controls.Custom.Interfaces.BaseClasses.SliderBase.SquareSize"/>
        </member>
        <member name="M:EtoForms.Controls.Custom.VolumeSlider.PaintControl(Eto.Drawing.Graphics,Eto.Drawing.RectangleF)">
            <summary>
            Paints the control.
            </summary>
            <param name="graphics">The graphics.</param>
            <param name="paintRectangle">The paint rectangle.</param>
        </member>
    </members>
</doc>
